timestamp,shard_0,shard_1,shard_2,shard_3,shard_4,shard_5,shard_6,shard_7,total,disk_avail_bytes
2026-08-15T15:58:52+00:00,127,119,132,135,139,116,137,135,1040,181571637248
2026-08-15T16:03:52+00:00,198,220,221,225,237,196,227,222,1746,181324480512
2026-08-15T16:08:52+00:00,283,307,315,325,341,310,321,323,2525,181048721408
2026-08-15T16:13:52+00:00,366,401,414,417,439,401,405,409,3252,180793937920
2026-08-15T16:18:52+00:00,453,491,515,520,517,489,491,486,3962,180552863744
2026-08-15T16:23:53+00:00,556,589,621,607,605,616,580,575,4749,180289835008
2026-08-15T16:28:53+00:00,656,686,705,707,701,715,683,659,5512,180024049664
2026-08-15T16:33:53+00:00,761,779,786,800,799,823,775,754,6277,179739709440
2026-08-15T16:38:53+00:00,854,870,881,880,908,905,872,834,7004,179485605888
2026-08-15T16:43:53+00:00,933,946,987,962,998,994,968,931,7719,179233533952
2026-08-15T16:48:53+00:00,1014,1030,1077,1056,1069,1074,1045,1020,8385,178992402432
2026-08-15T16:53:53+00:00,1100,1128,1160,1130,1172,1157,1133,1109,9089,178719805440
2026-08-15T16:58:53+00:00,1181,1214,1234,1203,1252,1239,1219,1203,9745,178486173696
2026-08-15T17:03:53+00:00,1266,1294,1324,1283,1321,1326,1329,1300,10443,178233937920
2026-08-15T17:08:53+00:00,1342,1370,1421,1372,1410,1404,1422,1381,11122,177993687040
2026-08-15T17:13:53+00:00,1445,1458,1501,1451,1501,1494,1510,1463,11823,177746145280
2026-08-15T17:18:54+00:00,1523,1550,1564,1533,1587,1577,1599,1557,12490,177519570944
2026-08-15T17:23:54+00:00,1597,1629,1653,1622,1675,1650,1686,1650,13162,177268723712
2026-08-15T17:28:54+00:00,1689,1714,1735,1703,1763,1730,1757,1721,13812,177032990720
2026-08-15T17:33:54+00:00,1786,1797,1827,1794,1852,1833,1840,1793,14522,176750923776
2026-08-15T17:38:54+00:00,1866,1876,1920,1874,1947,1919,1930,1887,15219,176503300096
2026-08-15T17:43:54+00:00,1932,1956,2013,1940,2034,2000,2021,1964,15860,176278876160
2026-08-15T17:48:54+00:00,2027,2064,2079,2011,2114,2079,2100,2046,16520,176050225152
2026-08-15T17:53:54+00:00,2113,2155,2170,2104,2201,2161,2179,2135,17218,175817986048
2026-08-15T17:58:54+00:00,2198,2232,2236,2185,2281,2243,2260,2195,17830,175600250880
2026-08-15T18:03:54+00:00,2283,2309,2294,2272,2360,2314,2336,2275,18443,175385341952
2026-08-15T18:08:55+00:00,2373,2396,2392,2345,2436,2386,2420,2359,19107,175145537536
2026-08-15T18:13:55+00:00,2447,2478,2494,2423,2518,2469,2493,2430,19752,174904971264
2026-08-15T18:18:55+00:00,2520,2561,2561,2503,2591,2541,2573,2523,20373,174662672384
2026-08-15T18:23:55+00:00,2594,2631,2636,2578,2668,2637,2645,2593,20982,174436560896
2026-08-15T18:28:55+00:00,2676,2717,2705,2648,2749,2720,2719,2673,21607,174207922176
2026-08-15T18:33:55+00:00,2753,2805,2782,2751,2839,2798,2800,2763,22291,173954899968
2026-08-15T18:38:55+00:00,2827,2886,2872,2834,2935,2876,2882,2848,22960,173725151232
2026-08-15T18:43:55+00:00,2920,2965,2966,2923,3017,2963,2962,2920,23636,173480554496
2026-08-15T18:48:55+00:00,2998,3039,3064,2999,3099,3059,3039,3003,24300,173263724544
2026-08-15T18:53:56+00:00,3070,3115,3137,3082,3176,3138,3117,3089,24924,173036863488
2026-08-15T18:58:56+00:00,3159,3200,3212,3163,3256,3213,3190,3191,25584,172783640576
2026-08-15T19:03:56+00:00,3242,3281,3299,3244,3329,3286,3258,3268,26207,172556517376
2026-08-15T19:08:56+00:00,3313,3360,3371,3332,3412,3362,3344,3337,26831,172337262592
2026-08-15T19:13:56+00:00,3381,3438,3450,3401,3481,3443,3427,3410,27431,172121989120
2026-08-15T19:18:56+00:00,3454,3515,3536,3470,3554,3522,3507,3483,28041,171890393088
2026-08-15T19:23:56+00:00,3513,3589,3617,3543,3639,3601,3576,3554,28632,171676135424
2026-08-15T19:28:56+00:00,3585,3676,3706,3618,3707,3678,3661,3630,29261,171439218688
2026-08-15T19:33:56+00:00,3665,3754,3774,3694,3778,3739,3738,3702,29844,171237965824
2026-08-15T19:38:57+00:00,3750,3846,3842,3771,3858,3818,3805,3778,30468,171017961472
2026-08-15T19:43:57+00:00,3817,3933,3911,3853,3947,3896,3888,3865,31110,170785837056
2026-08-15T19:48:57+00:00,3888,4026,3991,3928,4037,3960,3956,3928,31714,170576474112
2026-08-15T19:53:57+00:00,3961,4106,4052,3998,4121,4037,4029,4006,32310,170360299520
2026-08-15T19:58:57+00:00,4047,4190,4123,4056,4204,4100,4093,4085,32898,170148503552
2026-08-15T20:03:57+00:00,4111,4282,4196,4130,4289,4166,4162,4164,33500,169922641920
2026-08-15T20:08:57+00:00,4180,4364,4278,4205,4359,4229,4236,4241,34092,169710780416
2026-08-15T20:13:57+00:00,4254,4441,4357,4285,4432,4298,4301,4318,34686,169504354304
2026-08-15T20:18:57+00:00,4314,4526,4430,4361,4517,4367,4381,4399,35295,169288527872
2026-08-15T20:23:58+00:00,4382,4601,4504,4430,4585,4447,4453,4472,35874,169066639360
2026-08-15T20:28:58+00:00,4462,4680,4587,4505,4662,4519,4514,4563,36492,168831668224
2026-08-15T20:33:58+00:00,4521,4741,4651,4568,4747,4592,4595,4633,37048,168633479168
2026-08-15T20:38:58+00:00,4581,4800,4718,4623,4808,4666,4657,4711,37564,168430538752
2026-08-15T20:43:58+00:00,4667,4881,4790,4689,4867,4747,4722,4781,38144,168222945280
2026-08-15T20:48:58+00:00,4729,4941,4853,4757,4918,4815,4789,4852,38654,168050794496
2026-08-15T20:53:58+00:00,4788,5005,4919,4838,4976,4884,4859,4926,39195,167860015104
2026-08-15T20:58:58+00:00,4858,5083,4985,4911,5042,4965,4948,4993,39785,167636168704
2026-08-15T21:03:59+00:00,4943,5164,5070,4987,5115,5048,5020,5076,40423,167395635200
2026-08-15T21:08:59+00:00,5024,5252,5151,5056,5189,5121,5090,5135,41018,167192887296
2026-08-15T21:13:59+00:00,5110,5332,5221,5132,5259,5193,5147,5203,41597,166976729088
2026-08-15T21:18:59+00:00,5175,5408,5283,5210,5332,5254,5213,5276,42151,166768427008
2026-08-15T21:23:59+00:00,5245,5494,5345,5283,5403,5325,5297,5347,42739,166555934720
2026-08-15T21:28:59+00:00,5317,5573,5413,5356,5467,5410,5359,5431,43326,166348869632
2026-08-15T21:33:59+00:00,5391,5648,5492,5416,5537,5479,5420,5495,43878,166148288512
2026-08-15T21:38:59+00:00,5456,5708,5560,5490,5590,5545,5489,5558,44396,165962399744
2026-08-15T21:44:00+00:00,5522,5775,5616,5557,5664,5604,5560,5625,44923,165780811776
2026-08-15T21:49:00+00:00,5596,5853,5671,5627,5737,5687,5629,5692,45492,165564968960
2026-08-15T21:54:00+00:00,5664,5910,5743,5695,5799,5761,5699,5747,46018,165395783680
2026-08-15T21:59:00+00:00,5741,5974,5799,5759,5868,5830,5775,5812,46558,165198073856
2026-08-15T22:04:00+00:00,5811,6039,5872,5819,5944,5907,5849,5886,47127,164998430720
2026-08-15T22:09:00+00:00,5892,6108,5937,5875,6006,5977,5918,5954,47667,164799455232
2026-08-15T22:14:00+00:00,5953,6168,6006,5945,6074,6043,5979,6012,48180,164609212416
2026-08-15T22:19:01+00:00,6014,6227,6074,6007,6136,6098,6045,6074,48675,164436332544
2026-08-15T22:24:01+00:00,6084,6282,6140,6068,6201,6163,6117,6132,49187,164250955776
2026-08-15T22:29:01+00:00,6149,6343,6208,6128,6255,6214,6188,6192,49677,164074274816
2026-08-15T22:34:01+00:00,6223,6407,6281,6188,6324,6274,6255,6260,50212,163889872896
2026-08-15T22:39:01+00:00,6295,6472,6348,6262,6395,6354,6326,6330,50782,163692249088
2026-08-15T22:44:01+00:00,6359,6534,6417,6325,6466,6413,6391,6389,51294,163496214528
2026-08-15T22:49:01+00:00,6421,6595,6485,6378,6528,6473,6461,6458,51799,163322564608
2026-08-15T22:54:01+00:00,6491,6662,6544,6442,6597,6536,6527,6530,52329,163105497088
2026-08-15T22:59:02+00:00,6551,6734,6613,6511,6670,6613,6589,6590,52871,162919272448
2026-08-15T23:04:02+00:00,6603,6799,6671,6573,6734,6679,6648,6652,53359,162740187136
2026-08-15T23:09:02+00:00,6670,6862,6722,6632,6797,6746,6726,6720,53875,162562273280
2026-08-15T23:14:02+00:00,6726,6913,6797,6691,6836,6805,6788,6785,54341,162396393472
2026-08-15T23:19:02+00:00,6787,6985,6868,6764,6922,6869,6862,6860,54917,162186448896
2026-08-15T23:24:02+00:00,6848,7045,6935,6836,6988,6938,6935,6912,55437,162001563648
2026-08-15T23:29:02+00:00,6904,7105,7010,6902,7063,7008,6998,6988,55978,161820471296
2026-08-15T23:34:03+00:00,6981,7157,7077,6956,7126,7072,7062,7050,56481,161653223424
2026-08-15T23:39:03+00:00,7041,7208,7130,7023,7194,7135,7131,7111,56973,161468411904
2026-08-15T23:44:03+00:00,7099,7267,7195,7087,7249,7197,7184,7164,57442,161304731648
2026-08-15T23:49:03+00:00,7161,7329,7247,7153,7312,7254,7249,7234,57939,161123889152
2026-08-15T23:54:03+00:00,7224,7397,7311,7210,7375,7321,7312,7300,58450,160936574976
2026-08-15T23:59:03+00:00,7289,7467,7369,7265,7427,7388,7367,7357,58929,160790036480
2026-08-16T00:04:04+00:00,7345,7536,7432,7325,7488,7440,7437,7413,59416,160606736384
2026-08-16T00:09:04+00:00,7416,7604,7493,7399,7554,7503,7510,7464,59943,160412004352
2026-08-16T00:14:04+00:00,7477,7674,7561,7475,7618,7563,7572,7530,60470,160204767232
2026-08-16T00:19:04+00:00,7543,7747,7624,7540,7669,7631,7632,7591,60977,160011083776
2026-08-16T00:24:04+00:00,7598,7801,7689,7618,7742,7692,7695,7652,61487,159823499264
2026-08-16T00:29:04+00:00,7655,7866,7752,7680,7801,7759,7754,7717,61984,159648464896
2026-08-16T00:34:04+00:00,7719,7928,7826,7740,7871,7828,7826,7782,62520,159454072832
2026-08-16T00:39:05+00:00,7782,7990,7885,7788,7937,7886,7897,7847,63012,159269859328
2026-08-16T00:44:05+00:00,7838,8049,7938,7845,7992,7942,7960,7901,63465,159096614912
2026-08-16T00:49:05+00:00,7911,8123,8000,7907,8053,7993,8014,7969,63970,158920142848
2026-08-16T00:54:05+00:00,7980,8196,8057,7964,8120,8054,8075,8020,64466,158727434240
2026-08-16T00:59:05+00:00,8044,8260,8105,8018,8174,8115,8138,8079,64933,158554214400
2026-08-16T01:04:05+00:00,8103,8325,8160,8076,8234,8177,8207,8141,65423,158368866304
2026-08-16T01:09:05+00:00,8159,8395,8211,8136,8299,8255,8266,8204,65925,158173220864
2026-08-16T01:14:06+00:00,8226,8452,8269,8202,8354,8323,8324,8261,66411,157999296512
2026-08-16T01:19:06+00:00,8291,8522,8332,8260,8408,8372,8389,8311,66885,157822324736
2026-08-16T01:24:06+00:00,8343,8573,8394,8317,8472,8437,8460,8367,67363,157643767808
2026-08-16T01:29:06+00:00,8411,8631,8449,8368,8539,8494,8513,8432,67837,157482504192
2026-08-16T01:34:06+00:00,8474,8698,8520,8426,8608,8545,8566,8482,68319,157304573952
2026-08-16T01:39:06+00:00,8542,8759,8583,8493,8663,8597,8624,8554,68815,157132939264
2026-08-16T01:44:07+00:00,8606,8814,8643,8544,8727,8652,8685,8624,69295,156957573120
2026-08-16T01:49:07+00:00,8683,8876,8711,8595,8791,8705,8745,8682,69788,156794052608
2026-08-16T03:46:26+00:00,8694,8885,8723,8606,8805,8716,8755,8695,69879,85529710592
2026-08-16T03:54:51+00:00,8694,8885,8723,8606,8805,8716,8755,8695,69879,85545811968
2026-08-16T03:59:51+00:00,8703,8901,8732,8615,8813,8728,8765,8704,69961,110469058560
2026-08-16T04:04:51+00:00,8718,8927,8745,8630,8832,8751,8782,8728,70113,110415417344
2026-08-16T04:09:51+00:00,8786,9021,8828,8737,8910,8841,8866,8809,70798,110173335552
2026-08-16T04:14:51+00:00,8861,9097,8888,8797,8988,8914,8930,8893,71368,109962485760
2026-08-16T04:19:51+00:00,8951,9171,8956,8881,9056,8962,9006,8960,71943,109754060800
2026-08-16T04:24:51+00:00,9040,9245,9034,8960,9137,9056,9090,9023,72585,109538922496
2026-08-16T04:29:51+00:00,9105,9323,9099,9022,9211,9151,9168,9102,73181,109321437184
2026-08-16T04:34:51+00:00,9167,9404,9202,9097,9306,9223,9260,9177,73836,109072687104
2026-08-16T04:39:52+00:00,9240,9477,9277,9179,9370,9291,9317,9247,74398,108881399808
2026-08-16T04:44:52+00:00,9297,9553,9366,9272,9435,9349,9383,9313,74968,108666347520
2026-08-16T04:49:52+00:00,9367,9617,9438,9346,9512,9422,9454,9384,75540,108452589568
2026-08-16T04:54:52+00:00,9430,9671,9517,9408,9587,9491,9519,9458,76081,108265869312
2026-08-16T04:59:52+00:00,9503,9747,9604,9483,9662,9577,9581,9535,76692,108044627968
2026-08-16T05:04:52+00:00,9565,9833,9678,9534,9726,9650,9666,9595,77247,107843637248
2026-08-16T05:09:52+00:00,9643,9911,9758,9614,9804,9711,9742,9659,77842,107619921920
2026-08-16T05:14:53+00:00,9723,10010,9841,9703,9880,9815,9833,9738,78543,107366129664
2026-08-16T05:19:53+00:00,9796,10095,9928,9766,9950,9902,9936,9822,79195,107137241088
2026-08-16T05:24:53+00:00,9866,10168,9998,9857,10052,9977,10010,9901,79829,106906857472
2026-08-16T05:29:53+00:00,9959,10256,10083,9926,10113,10069,10099,9981,80486,106677026816
2026-08-16T05:34:53+00:00,10033,10355,10159,10005,10192,10137,10179,10065,81125,106454986752
2026-08-16T05:39:53+00:00,10111,10460,10256,10092,10286,10212,10263,10145,81825,106201563136
2026-08-16T05:44:53+00:00,10180,10538,10341,10182,10373,10292,10341,10229,82476,105948614656
2026-08-16T05:49:54+00:00,10245,10627,10426,10238,10463,10367,10406,10313,83085,105720111104
2026-08-16T05:54:54+00:00,10332,10725,10508,10307,10553,10458,10487,10381,83751,105493106688
2026-08-16T05:59:54+00:00,10421,10795,10607,10379,10626,10550,10579,10457,84414,105264226304
2026-08-16T06:04:54+00:00,10504,10861,10700,10464,10686,10639,10652,10524,85030,105041354752
2026-08-16T06:09:54+00:00,10594,10939,10804,10547,10754,10732,10722,10600,85692,104800247808
2026-08-16T06:14:54+00:00,10690,11001,10871,10635,10844,10817,10788,10687,86333,104585031680
2026-08-16T06:19:55+00:00,10785,11081,10939,10711,10924,10897,10891,10786,87014,104330747904
2026-08-16T06:24:55+00:00,10887,11162,11012,10792,11019,10967,10965,10866,87670,104087740416
2026-08-16T06:29:55+00:00,10969,11246,11087,10866,11081,11029,11064,10950,88292,103862665216
2026-08-16T06:34:55+00:00,11058,11333,11166,10942,11175,11103,11148,11025,88950,103629488128
2026-08-16T06:39:55+00:00,11137,11412,11241,11018,11257,11171,11239,11109,89584,103405105152
2026-08-16T06:44:55+00:00,11221,11480,11311,11087,11329,11263,11323,11177,90191,103194066944
2026-08-16T06:49:55+00:00,11309,11547,11395,11176,11405,11327,11427,11246,90832,102964563968
2026-08-16T06:54:56+00:00,11394,11633,11464,11273,11506,11413,11501,11330,91514,102701453312
2026-08-16T06:59:56+00:00,11468,11713,11541,11340,11571,11501,11568,11404,92106,102478491648
2026-08-16T07:04:56+00:00,11561,11801,11603,11412,11648,11572,11653,11479,92729,102244368384
2026-08-16T07:09:56+00:00,11657,11812,11704,11497,11726,11653,11743,11573,93365,102027210752
2026-08-16T07:14:56+00:00,11761,11812,11788,11584,11813,11692,11805,11668,93923,101845184512
2026-08-16T07:19:56+00:00,11821,11812,11899,11681,11857,11692,11805,11759,94326,101715746816
2026-08-16T07:24:56+00:00,11821,11812,11909,11790,11857,11692,11805,11764,94450,101674622976
2026-08-16T07:29:57+00:00,11821,11812,11909,11908,11857,11692,11805,11764,94568,101622833152
2026-08-16T07:53:35+00:00,11821,11812,11909,11932,11857,11692,11805,11764,94592,101618806784
2026-08-16T07:58:36+00:00,11872,11864,11986,11996,11925,11763,11867,11820,95093,101437689856
2026-08-16T08:03:37+00:00,11942,11959,12055,12064,12015,11835,11928,11907,95705,101211475968
2026-08-16T08:08:38+00:00,12025,12033,12123,12124,12089,11900,11994,11979,96267,101009100800
2026-08-16T08:13:38+00:00,12091,12115,12199,12191,12158,11976,12067,12067,96864,100798124032
2026-08-16T08:18:39+00:00,12166,12188,12275,12266,12238,12046,12139,12140,97458,100573052928
2026-08-16T08:23:40+00:00,12238,12269,12341,12332,12324,12125,12205,12217,98051,100347203584
2026-08-16T08:28:41+00:00,12278,12336,12411,12404,12404,12188,12285,12291,98597,100143042560
2026-08-16T08:33:42+00:00,12350,12416,12478,12470,12490,12262,12341,12358,99165,99944742912
2026-08-16T08:38:43+00:00,12378,12436,12502,12492,12498,12285,12373,12384,99348,99879817216
2026-08-16T08:43:44+00:00,12402,12467,12502,12502,12498,12302,12393,12404,99470,99841327104
2026-08-16T08:48:44+00:00,12444,12502,12502,12502,12498,12360,12435,12438,99681,99764699136
2026-08-16T08:53:45+00:00,12500,12502,12502,12502,12498,12410,12485,12498,99897,99685744640
2026-08-16T08:58:46+00:00,12502,12502,12502,12502,12498,12426,12498,12498,99928,99674214400
2026-08-16T09:03:46+00:00,12502,12502,12502,12502,12498,12442,12498,12498,99944,99672002560
2026-08-16T09:08:47+00:00,12502,12502,12502,12502,12498,12477,12498,12498,99979,99659972608
2026-08-16T09:13:48+00:00,12502,12502,12502,12502,12498,12498,12498,12498,100000,99651260416
