2026/08/15 10:32:51.307, 14, 1, 12315, 23.36, 29
2026/08/15 10:32:52.334, 27, 5, 12323, 23.07, 29
2026/08/15 10:32:53.335, 9, 1, 12299, 23.12, 29
2026/08/15 10:32:54.340, 25, 6, 12303, 23.39, 29
2026/08/15 10:32:55.345, 27, 4, 12319, 23.79, 29
2026/08/15 10:32:56.351, 29, 3, 12299, 23.78, 29
2026/08/15 10:32:57.355, 8, 2, 12311, 23.30, 29
2026/08/15 10:32:58.356, 25, 5, 12319, 23.55, 29
2026/08/15 10:32:59.356, 7, 1, 12303, 23.53, 29
2026/08/15 10:33:00.362, 0, 0, 12311, 23.07, 29
2026/08/15 10:33:01.366, 17, 2, 12291, 22.97, 29
2026/08/15 10:33:02.366, 43, 7, 12323, 22.96, 29
2026/08/15 10:33:03.368, 19, 2, 12303, 23.27, 29
2026/08/15 10:33:04.373, 36, 5, 12311, 23.31, 29
2026/08/15 10:33:05.373, 31, 4, 12323, 23.60, 29
2026/08/15 10:33:06.373, 16, 2, 12303, 22.92, 29
2026/08/15 10:33:07.378, 54, 10, 12295, 23.37, 29
2026/08/15 10:33:08.378, 13, 2, 12315, 22.75, 29
2026/08/15 10:33:09.379, 9, 2, 12291, 23.10, 29
2026/08/15 10:33:10.379, 18, 3, 12315, 23.79, 29
2026/08/15 10:33:11.382, 16, 3, 12323, 22.89, 29
2026/08/15 10:33:12.382, 13, 1, 12279, 23.39, 29
2026/08/15 10:33:13.383, 0, 0, 12307, 22.29, 29
2026/08/15 10:33:14.383, 6, 2, 12335, 23.02, 29
2026/08/15 10:33:15.383, 1, 1, 12291, 22.58, 29
2026/08/15 10:33:16.386, 4, 1, 12311, 22.11, 29
2026/08/15 10:33:17.386, 47, 10, 12331, 22.55, 29
2026/08/15 10:33:18.387, 0, 0, 12239, 23.75, 29
2026/08/15 10:33:19.387, 0, 0, 12323, 22.38, 29
2026/08/15 10:33:20.388, 23, 5, 12335, 22.74, 29
2026/08/15 10:33:21.388, 39, 7, 12283, 23.43, 29
2026/08/15 10:33:22.388, 4, 0, 12315, 23.40, 29
2026/08/15 10:33:23.389, 27, 4, 12267, 24.15, 29
2026/08/15 10:33:24.389, 14, 2, 12283, 23.15, 29
2026/08/15 10:33:25.389, 0, 0, 12339, 23.42, 29
2026/08/15 10:33:26.391, 18, 2, 12279, 23.20, 29
2026/08/15 10:33:27.391, 12, 2, 12323, 23.20, 29
2026/08/15 10:33:28.391, 17, 3, 12307, 23.17, 29
2026/08/15 10:33:29.392, 23, 3, 12307, 23.88, 29
2026/08/15 10:33:30.392, 35, 7, 12283, 23.80, 29
2026/08/15 10:33:31.393, 6, 1, 12303, 23.59, 29
2026/08/15 10:33:32.394, 36, 6, 12287, 23.27, 29
2026/08/15 10:33:33.394, 25, 4, 12315, 23.43, 29
2026/08/15 10:33:34.395, 18, 2, 12335, 23.07, 29
2026/08/15 10:33:35.395, 0, 0, 12251, 23.52, 29
2026/08/15 10:33:36.396, 8, 1, 12347, 23.00, 29
2026/08/15 10:33:37.396, 7, 1, 12359, 23.51, 29
2026/08/15 10:33:38.397, 63, 12, 12339, 23.94, 29
2026/08/15 10:33:39.398, 58, 11, 12319, 23.88, 29
2026/08/15 10:33:40.402, 0, 0, 12255, 23.18, 29
2026/08/15 10:33:41.403, 20, 2, 12327, 22.97, 29
2026/08/15 10:33:42.403, 20, 3, 12299, 23.50, 29
2026/08/15 10:33:43.403, 13, 1, 12267, 22.98, 29
2026/08/15 10:33:44.404, 9, 1, 12315, 22.60, 29
2026/08/15 10:33:45.404, 9, 2, 12339, 24.79, 29
2026/08/15 10:33:46.405, 1, 1, 12363, 23.70, 29
2026/08/15 10:33:47.405, 12, 3, 12339, 24.32, 29
2026/08/15 10:33:48.407, 37, 7, 12299, 23.75, 29
2026/08/15 10:33:49.407, 57, 13, 12339, 24.28, 29
2026/08/15 10:33:50.408, 5, 1, 12295, 23.72, 29
2026/08/15 10:33:51.408, 5, 0, 12303, 23.79, 29
2026/08/15 10:33:52.410, 33, 4, 12295, 23.66, 29
2026/08/15 10:33:53.410, 1, 0, 12335, 23.49, 29
2026/08/15 10:33:54.411, 0, 0, 12275, 24.37, 29
2026/08/15 10:33:55.411, 8, 1, 12303, 23.22, 29
2026/08/15 10:33:56.411, 0, 0, 12291, 22.84, 29
2026/08/15 10:33:57.412, 7, 0, 12347, 23.42, 29
2026/08/15 10:33:58.412, 0, 0, 12363, 23.31, 29
2026/08/15 10:33:59.413, 20, 4, 12311, 23.58, 29
2026/08/15 10:34:00.413, 14, 2, 12303, 23.49, 29
2026/08/15 10:34:01.421, 7, 1, 12303, 23.09, 29
2026/08/15 10:34:02.421, 49, 10, 12295, 23.60, 29
2026/08/15 10:34:03.422, 5, 1, 12315, 23.79, 29
2026/08/15 10:34:04.422, 36, 5, 12299, 24.08, 29
2026/08/15 10:34:05.423, 25, 6, 12359, 24.10, 29
2026/08/15 10:34:06.423, 14, 3, 12299, 23.64, 29
2026/08/15 10:34:07.423, 26, 5, 12335, 24.10, 29
2026/08/15 10:34:08.424, 43, 6, 12311, 23.06, 29
2026/08/15 10:34:09.424, 20, 4, 12327, 23.81, 29
2026/08/15 10:34:10.425, 1, 2, 12291, 23.45, 29
2026/08/15 10:34:11.425, 10, 1, 12319, 23.71, 29
2026/08/15 10:34:12.425, 14, 2, 12403, 24.00, 29
2026/08/15 10:34:13.425, 2, 1, 12299, 22.82, 29
2026/08/15 10:34:14.426, 19, 3, 12343, 22.89, 29
2026/08/15 10:34:15.426, 44, 8, 12343, 24.08, 29
2026/08/15 10:34:16.427, 50, 10, 12295, 23.92, 29
2026/08/15 10:34:17.428, 11, 2, 12267, 23.09, 29
2026/08/15 10:34:18.428, 16, 2, 12311, 22.38, 29
2026/08/15 10:34:19.428, 39, 8, 12355, 23.61, 29
2026/08/15 10:34:20.433, 17, 3, 12271, 23.90, 29
2026/08/15 10:34:21.434, 15, 1, 12331, 23.34, 29
2026/08/15 10:34:22.434, 2, 1, 12367, 22.40, 29
2026/08/15 10:34:23.434, 1, 1, 12335, 23.33, 29
2026/08/15 10:34:24.434, 35, 5, 12347, 23.56, 29
2026/08/15 10:34:25.435, 4, 1, 12355, 23.41, 29
2026/08/15 10:34:26.440, 19, 1, 12291, 22.98, 29
2026/08/15 10:34:27.441, 18, 4, 12351, 23.83, 29
2026/08/15 10:34:28.441, 16, 2, 12355, 23.46, 29
2026/08/15 10:34:29.441, 23, 5, 12319, 22.76, 29
2026/08/15 10:34:30.442, 13, 1, 12351, 23.18, 29
2026/08/15 10:34:31.447, 35, 6, 12339, 23.10, 29
2026/08/15 10:34:32.448, 16, 2, 12335, 24.11, 29
2026/08/15 10:34:33.448, 1, 1, 12311, 23.35, 29
2026/08/15 10:34:34.448, 0, 0, 12283, 22.94, 29
2026/08/15 10:34:35.449, 15, 1, 12299, 22.58, 29
2026/08/15 10:34:36.450, 7, 0, 12321, 23.03, 29
2026/08/15 10:34:37.451, 29, 5, 12277, 23.99, 30
2026/08/15 10:34:38.458, 22, 2, 12289, 22.86, 29
2026/08/15 10:34:39.458, 27, 4, 12309, 23.62, 30
2026/08/15 10:34:40.460, 6, 1, 12301, 22.75, 30
2026/08/15 10:34:41.460, 12, 2, 12339, 24.58, 30
2026/08/15 10:34:42.461, 16, 3, 12295, 24.24, 30
2026/08/15 10:34:43.461, 9, 1, 12355, 23.02, 30
2026/08/15 10:34:44.461, 16, 2, 12327, 22.63, 30
2026/08/15 10:34:45.462, 42, 7, 12327, 23.31, 30
2026/08/15 10:34:46.462, 26, 4, 12339, 23.85, 30
2026/08/15 10:34:47.462, 45, 6, 12355, 23.18, 30
2026/08/15 10:34:48.463, 26, 6, 12331, 24.31, 30
2026/08/15 10:34:49.463, 8, 0, 12287, 22.93, 30
2026/08/15 10:34:50.471, 12, 2, 12343, 22.41, 30
2026/08/15 10:34:51.471, 36, 6, 12339, 23.07, 30
2026/08/15 10:34:52.472, 4, 2, 12275, 24.01, 30
2026/08/15 10:34:53.473, 15, 1, 12319, 22.58, 30
2026/08/15 10:34:54.475, 40, 7, 12319, 22.89, 30
2026/08/15 10:34:55.475, 27, 3, 12299, 23.25, 30
2026/08/15 10:34:56.476, 13, 1, 12327, 22.96, 30
2026/08/15 10:34:57.476, 12, 2, 12351, 23.53, 30
2026/08/15 10:34:58.476, 28, 3, 12315, 23.43, 30
2026/08/15 10:34:59.477, 17, 4, 12327, 22.97, 30
2026/08/15 10:35:00.477, 25, 5, 12327, 23.56, 30
2026/08/15 10:35:01.478, 35, 7, 12271, 23.33, 30
2026/08/15 10:35:02.478, 44, 7, 12307, 23.48, 30
2026/08/15 10:35:03.482, 27, 6, 12295, 23.55, 30
2026/08/15 10:35:04.483, 14, 2, 12307, 22.72, 30
2026/08/15 10:35:05.483, 13, 1, 12331, 23.43, 30
2026/08/15 10:35:06.483, 44, 6, 12327, 23.03, 30
2026/08/15 10:35:07.483, 15, 3, 12287, 23.53, 30
2026/08/15 10:35:08.484, 26, 3, 12307, 22.83, 30
2026/08/15 10:35:09.484, 21, 4, 12351, 23.32, 30
2026/08/15 10:35:10.485, 23, 3, 12315, 23.31, 30
2026/08/15 10:35:11.485, 2, 1, 12311, 23.56, 30
2026/08/15 10:35:12.485, 12, 2, 12307, 23.02, 30
2026/08/15 10:35:13.486, 31, 4, 12339, 23.44, 30
2026/08/15 10:35:14.486, 43, 8, 12299, 23.80, 30
2026/08/15 10:35:15.487, 32, 5, 12299, 24.73, 30
2026/08/15 10:35:16.491, 11, 1, 12283, 23.20, 30
2026/08/15 10:35:17.491, 44, 7, 12351, 22.83, 30
2026/08/15 10:35:18.492, 22, 3, 12319, 23.52, 30
2026/08/15 10:35:19.492, 3, 1, 12279, 23.62, 30
2026/08/15 10:35:20.492, 9, 1, 12279, 22.89, 30
2026/08/15 10:35:21.497, 7, 1, 12295, 22.90, 30
2026/08/15 10:35:22.498, 0, 0, 12327, 23.20, 30
2026/08/15 10:35:23.498, 9, 2, 12271, 23.68, 30
2026/08/15 10:35:24.498, 0, 1, 12315, 23.23, 30
2026/08/15 10:35:25.498, 26, 5, 12351, 23.84, 30
2026/08/15 10:35:26.499, 14, 2, 12255, 23.75, 30
2026/08/15 10:35:27.499, 12, 1, 12351, 22.45, 30
2026/08/15 10:35:28.499, 32, 7, 12259, 23.81, 30
2026/08/15 10:35:29.500, 23, 2, 12339, 23.45, 30
2026/08/15 10:35:30.500, 28, 6, 12331, 23.51, 30
2026/08/15 10:35:31.502, 33, 3, 12327, 23.86, 30
2026/08/15 10:35:32.505, 12, 2, 12303, 23.05, 30
2026/08/15 10:35:33.506, 36, 7, 12307, 23.53, 30
2026/08/15 10:35:34.506, 25, 3, 12343, 23.02, 30
2026/08/15 10:35:35.506, 18, 1, 12307, 24.13, 30
2026/08/15 10:35:36.507, 27, 4, 12323, 23.00, 30
2026/08/15 10:35:37.507, 5, 1, 12287, 23.40, 30
2026/08/15 10:35:38.507, 20, 4, 12319, 23.03, 30
2026/08/15 10:35:39.508, 17, 2, 12299, 23.22, 30
2026/08/15 10:35:40.508, 64, 11, 12319, 23.02, 30
2026/08/15 10:35:41.510, 1, 1, 12319, 24.51, 30
2026/08/15 10:35:42.510, 16, 3, 12327, 23.27, 30
2026/08/15 10:35:43.511, 3, 1, 12299, 23.81, 30
2026/08/15 10:35:44.511, 30, 5, 12295, 23.50, 30
2026/08/15 10:35:45.511, 24, 5, 12291, 23.55, 30
2026/08/15 10:35:46.512, 2, 1, 12319, 23.69, 30
2026/08/15 10:35:47.512, 0, 0, 12331, 23.11, 30
2026/08/15 10:35:48.513, 16, 2, 12267, 23.50, 30
2026/08/15 10:35:49.514, 23, 4, 12311, 23.22, 30
2026/08/15 10:35:50.514, 13, 1, 12307, 23.28, 30
2026/08/15 10:35:51.515, 12, 2, 12295, 22.72, 30
2026/08/15 10:35:52.515, 19, 2, 12343, 23.60, 30
2026/08/15 10:35:53.515, 11, 2, 12327, 23.50, 30
2026/08/15 10:35:54.516, 28, 3, 12303, 23.47, 30
2026/08/15 10:35:55.516, 36, 7, 12299, 23.56, 30
2026/08/15 10:35:56.516, 40, 8, 12287, 23.99, 30
2026/08/15 10:35:57.517, 52, 9, 12363, 23.71, 30
2026/08/15 10:35:58.517, 5, 2, 12271, 23.79, 30
2026/08/15 10:35:59.517, 30, 5, 12327, 23.28, 30
2026/08/15 10:36:00.518, 4, 1, 12307, 22.82, 30
2026/08/15 10:36:01.518, 36, 7, 12311, 24.06, 30
2026/08/15 10:36:02.519, 51, 8, 12295, 23.90, 30
2026/08/15 10:36:03.519, 36, 6, 12319, 23.09, 30
2026/08/15 10:36:04.520, 32, 5, 12351, 23.25, 30
2026/08/15 10:36:05.520, 18, 2, 12275, 22.85, 30
2026/08/15 10:36:06.521, 28, 4, 12287, 22.70, 30
2026/08/15 10:36:07.521, 18, 3, 12299, 22.54, 30
2026/08/15 10:36:08.522, 33, 7, 12299, 22.63, 30
2026/08/15 10:36:09.525, 14, 1, 12295, 23.45, 30
2026/08/15 10:36:10.525, 11, 1, 12315, 22.31, 30
2026/08/15 10:36:11.526, 12, 2, 12327, 23.00, 30
2026/08/15 10:36:12.526, 4, 1, 12311, 22.97, 30
2026/08/15 10:36:13.527, 9, 1, 12331, 22.22, 30
2026/08/15 10:36:14.527, 24, 3, 12311, 22.65, 30
2026/08/15 10:36:15.527, 3, 1, 12283, 22.64, 30
2026/08/15 10:36:16.529, 19, 2, 12331, 22.47, 30
2026/08/15 10:36:17.529, 14, 2, 12335, 23.40, 30
2026/08/15 10:36:18.529, 23, 3, 12279, 22.54, 30
2026/08/15 10:36:19.530, 3, 0, 12355, 22.28, 30
2026/08/15 10:36:20.530, 22, 4, 12323, 22.30, 30
2026/08/15 10:36:21.532, 47, 9, 12291, 23.17, 30
2026/08/15 10:36:22.533, 14, 1, 12323, 23.84, 30
2026/08/15 10:36:23.533, 5, 1, 12323, 22.91, 30
2026/08/15 10:36:24.533, 13, 4, 12295, 23.06, 30
2026/08/15 10:36:25.534, 13, 3, 12355, 23.00, 30
2026/08/15 10:36:26.534, 8, 1, 12307, 23.11, 30
2026/08/15 10:36:27.534, 30, 3, 12311, 23.08, 30
2026/08/15 10:36:28.535, 29, 3, 12331, 22.29, 30
2026/08/15 10:36:29.535, 7, 1, 12311, 22.83, 30
2026/08/15 10:36:30.536, 21, 3, 12315, 23.65, 30
2026/08/15 10:36:31.536, 23, 2, 12299, 23.42, 30
2026/08/15 10:36:32.537, 6, 2, 12291, 23.47, 30
2026/08/15 10:36:33.541, 15, 3, 12327, 22.40, 30
2026/08/15 10:36:34.541, 62, 11, 12311, 23.55, 30
2026/08/15 10:36:35.542, 9, 1, 12315, 23.56, 30
2026/08/15 10:36:36.542, 19, 3, 12279, 23.06, 30
2026/08/15 10:36:37.545, 16, 2, 12299, 22.76, 30
2026/08/15 10:36:38.545, 5, 1, 12327, 23.19, 30
2026/08/15 10:36:39.546, 10, 1, 12287, 22.83, 30
2026/08/15 10:36:40.546, 16, 1, 12299, 22.59, 30
2026/08/15 10:36:41.547, 52, 9, 12347, 22.71, 30
2026/08/15 10:36:42.547, 4, 0, 12315, 23.47, 30
2026/08/15 10:36:43.547, 15, 3, 12307, 22.89, 30
2026/08/15 10:36:44.547, 3, 1, 12307, 23.06, 30
2026/08/15 10:36:45.549, 35, 4, 12299, 22.83, 30
2026/08/15 10:36:46.549, 10, 2, 12335, 22.15, 30
2026/08/15 10:36:47.550, 11, 2, 12291, 23.21, 30
2026/08/15 10:36:48.551, 35, 5, 12355, 22.14, 30
2026/08/15 10:36:49.551, 0, 0, 12311, 23.79, 30
2026/08/15 10:36:50.552, 4, 1, 12307, 22.22, 30
2026/08/15 10:36:51.552, 7, 1, 12343, 22.51, 30
2026/08/15 10:36:52.553, 30, 5, 12327, 23.78, 30
2026/08/15 10:36:53.554, 24, 4, 12299, 22.43, 30
2026/08/15 10:36:54.559, 22, 3, 12311, 22.62, 30
2026/08/15 10:36:55.563, 45, 9, 12291, 22.61, 30
2026/08/15 10:36:56.563, 18, 3, 12323, 23.20, 30
2026/08/15 10:36:57.564, 33, 5, 12343, 23.11, 30
2026/08/15 10:36:58.564, 52, 7, 12303, 23.17, 30
2026/08/15 10:36:59.565, 26, 4, 12299, 22.49, 30
2026/08/15 10:37:00.565, 45, 7, 12307, 22.62, 30
2026/08/15 10:37:01.566, 10, 2, 12343, 22.52, 30
2026/08/15 10:37:02.566, 13, 2, 12319, 24.35, 30
2026/08/15 10:37:03.567, 2, 0, 12291, 22.93, 30
2026/08/15 10:37:04.567, 10, 2, 12355, 22.74, 30
2026/08/15 10:37:05.568, 18, 4, 12299, 24.56, 30
2026/08/15 10:37:06.568, 25, 3, 12283, 23.63, 30
2026/08/15 10:37:07.569, 11, 2, 12343, 22.80, 30
2026/08/15 10:37:08.569, 15, 2, 12343, 23.12, 30
2026/08/15 10:37:09.570, 19, 4, 12311, 23.72, 30
2026/08/15 10:37:10.571, 36, 5, 12311, 23.22, 30
2026/08/15 10:37:11.571, 23, 3, 12311, 23.30, 30
2026/08/15 10:37:12.571, 8, 1, 12311, 22.61, 30
2026/08/15 10:37:13.572, 15, 2, 12343, 23.73, 30
2026/08/15 10:37:14.572, 20, 3, 12311, 22.97, 30
2026/08/15 10:37:15.572, 16, 1, 12311, 23.94, 30
2026/08/15 10:37:16.573, 7, 1, 12315, 22.78, 30
2026/08/15 10:37:17.573, 28, 4, 12295, 23.63, 30
2026/08/15 10:37:18.574, 27, 3, 12291, 23.23, 30
2026/08/15 10:37:19.574, 2, 1, 12303, 23.50, 30
2026/08/15 10:37:20.574, 7, 2, 12339, 22.41, 30
2026/08/15 10:37:21.575, 48, 7, 12299, 23.68, 30
2026/08/15 10:37:22.575, 35, 7, 12315, 23.52, 30
2026/08/15 10:37:23.576, 14, 2, 12311, 23.04, 30
2026/08/15 10:37:24.576, 24, 3, 12311, 23.50, 30
2026/08/15 10:37:25.577, 8, 2, 12327, 22.29, 30
2026/08/15 10:37:26.577, 13, 3, 12303, 24.23, 30
2026/08/15 10:37:27.577, 38, 5, 12311, 22.91, 30
2026/08/15 10:37:28.578, 13, 3, 12279, 22.59, 30
2026/08/15 10:37:29.578, 69, 15, 12355, 23.35, 30
2026/08/15 10:37:30.579, 11, 1, 12267, 24.22, 30
2026/08/15 10:37:31.580, 21, 4, 12343, 22.81, 30
2026/08/15 10:37:32.581, 40, 10, 12275, 24.38, 30
2026/08/15 10:37:33.581, 19, 3, 12327, 24.17, 30
2026/08/15 10:37:34.582, 6, 1, 12259, 22.61, 30
2026/08/15 10:37:35.583, 32, 6, 12355, 23.92, 30
2026/08/15 10:37:36.583, 9, 2, 12279, 22.92, 30
2026/08/15 10:37:37.584, 11, 2, 12303, 22.92, 30
2026/08/15 10:37:38.584, 21, 3, 12295, 23.06, 30
2026/08/15 10:37:39.585, 20, 3, 12303, 23.07, 30
2026/08/15 10:37:40.586, 12, 2, 12303, 22.95, 30
2026/08/15 10:37:41.586, 26, 5, 12335, 23.87, 30
2026/08/15 10:37:42.587, 26, 5, 12331, 22.82, 30
2026/08/15 10:37:43.589, 16, 1, 12319, 23.06, 30
2026/08/15 10:37:44.592, 22, 3, 12323, 23.57, 30
2026/08/15 10:37:45.593, 8, 1, 12307, 23.34, 30
2026/08/15 10:37:46.593, 20, 3, 12343, 23.53, 30
2026/08/15 10:37:47.593, 38, 4, 12275, 23.65, 30
2026/08/15 10:37:48.594, 32, 8, 12331, 24.18, 30
2026/08/15 10:37:49.595, 30, 3, 12323, 24.11, 30
2026/08/15 10:37:50.595, 24, 4, 12347, 24.55, 30
2026/08/15 10:37:51.595, 29, 5, 12303, 23.99, 30
2026/08/15 10:37:52.596, 19, 2, 12319, 24.13, 30
2026/08/15 10:37:53.597, 5, 1, 12291, 23.41, 30
2026/08/15 10:37:54.598, 29, 5, 12343, 23.47, 30
2026/08/15 10:37:55.598, 35, 6, 12303, 23.85, 30
2026/08/15 10:37:56.598, 43, 7, 12331, 23.35, 30
2026/08/15 10:37:57.599, 0, 0, 12343, 23.80, 30
2026/08/15 10:37:58.599, 28, 6, 12343, 23.24, 30
2026/08/15 10:37:59.600, 21, 5, 12263, 23.37, 30
2026/08/15 10:38:00.600, 19, 2, 12323, 23.90, 30
2026/08/15 10:38:01.600, 11, 2, 12291, 23.14, 30
2026/08/15 10:38:02.600, 12, 1, 12323, 23.09, 30
2026/08/15 10:38:03.601, 9, 2, 12295, 23.91, 30
2026/08/15 10:38:04.601, 10, 1, 12299, 23.33, 30
2026/08/15 10:38:05.602, 23, 3, 12311, 22.66, 30
2026/08/15 10:38:06.603, 30, 4, 12295, 24.14, 30
2026/08/15 10:38:07.603, 17, 3, 12331, 23.15, 30
2026/08/15 10:38:08.603, 27, 4, 12299, 22.83, 30
2026/08/15 10:38:09.604, 8, 1, 12291, 24.28, 30
2026/08/15 10:38:10.604, 10, 2, 12323, 23.54, 30
2026/08/15 10:38:11.605, 4, 1, 12267, 22.60, 30
2026/08/15 10:38:12.605, 8, 1, 12331, 24.28, 30
2026/08/15 10:38:13.606, 9, 1, 12303, 23.78, 30
2026/08/15 10:38:14.607, 24, 3, 12319, 22.68, 30
2026/08/15 10:38:15.607, 31, 4, 12335, 23.15, 30
2026/08/15 10:38:16.608, 15, 1, 12299, 23.37, 30
2026/08/15 10:38:17.608, 12, 2, 12331, 23.23, 30
2026/08/15 10:38:18.608, 62, 13, 12343, 23.70, 30
2026/08/15 10:38:19.609, 20, 2, 12291, 24.17, 30
2026/08/15 10:38:20.610, 36, 7, 12315, 23.73, 30
2026/08/15 10:38:21.610, 17, 3, 12299, 23.67, 30
2026/08/15 10:38:22.611, 15, 2, 12303, 23.63, 30
2026/08/15 10:38:23.611, 30, 4, 12323, 23.43, 30
2026/08/15 10:38:24.611, 20, 2, 12311, 23.35, 30
2026/08/15 10:38:25.612, 0, 0, 12299, 23.23, 30
2026/08/15 10:38:26.612, 6, 1, 12295, 24.21, 30
2026/08/15 10:38:27.613, 14, 2, 12307, 23.39, 30
2026/08/15 10:38:28.613, 8, 2, 12299, 23.23, 30
2026/08/15 10:38:29.613, 3, 1, 12355, 24.31, 30
2026/08/15 10:38:30.614, 40, 7, 12287, 24.06, 30
2026/08/15 10:38:31.614, 25, 6, 12355, 24.13, 30
2026/08/15 10:38:32.614, 19, 2, 12259, 23.50, 30
2026/08/15 10:38:33.615, 2, 0, 12307, 23.90, 30
2026/08/15 10:38:34.615, 9, 0, 12343, 23.59, 30
2026/08/15 10:38:35.616, 10, 1, 12315, 23.67, 30
2026/08/15 10:38:36.617, 10, 2, 12307, 22.99, 30
2026/08/15 10:38:37.618, 4, 0, 12335, 23.83, 30
2026/08/15 10:38:38.618, 1, 2, 12259, 23.51, 30
2026/08/15 10:38:39.621, 6, 1, 12331, 22.74, 30
2026/08/15 10:38:40.621, 15, 3, 12347, 23.68, 30
2026/08/15 10:38:41.621, 0, 0, 12287, 23.01, 30
2026/08/15 10:38:42.622, 3, 1, 12323, 22.99, 30
2026/08/15 10:38:43.622, 40, 8, 12335, 23.73, 30
2026/08/15 10:38:44.623, 33, 5, 12319, 23.47, 30
2026/08/15 10:38:45.623, 26, 3, 12315, 23.72, 30
2026/08/15 10:38:46.627, 16, 3, 12335, 24.04, 30
2026/08/15 10:38:47.627, 13, 1, 12343, 24.05, 30
2026/08/15 10:38:48.628, 27, 3, 12307, 23.57, 30
2026/08/15 10:38:49.628, 17, 4, 12347, 23.62, 30
2026/08/15 10:38:50.628, 14, 3, 12355, 23.43, 30
2026/08/15 10:38:51.631, 5, 1, 12299, 22.99, 30
2026/08/15 10:38:52.632, 8, 1, 12299, 22.81, 30
2026/08/15 10:38:53.632, 50, 10, 12335, 23.81, 30
2026/08/15 10:38:54.632, 4, 1, 12307, 23.69, 30
2026/08/15 10:38:55.632, 12, 2, 12291, 23.17, 30
2026/08/15 10:38:56.633, 24, 3, 12311, 23.88, 30
2026/08/15 10:38:57.633, 2, 1, 12323, 23.67, 30
2026/08/15 10:38:58.634, 20, 5, 12335, 23.03, 30
2026/08/15 10:38:59.634, 21, 3, 12343, 23.82, 30
2026/08/15 10:39:00.635, 18, 3, 12287, 23.88, 30
2026/08/15 10:39:01.636, 7, 0, 12323, 24.28, 29
2026/08/15 10:39:02.636, 34, 6, 12335, 23.72, 30
2026/08/15 10:39:03.636, 16, 2, 12307, 23.91, 29
2026/08/15 10:39:04.637, 22, 1, 12327, 23.54, 30
2026/08/15 10:39:05.637, 6, 0, 12319, 23.74, 29
2026/08/15 10:39:06.638, 23, 4, 12323, 23.44, 30
2026/08/15 10:39:07.639, 37, 5, 12311, 24.10, 29
2026/08/15 10:39:08.639, 12, 3, 12319, 23.92, 29
2026/08/15 10:39:09.645, 3, 1, 12287, 23.42, 29
2026/08/15 10:39:10.645, 26, 4, 12327, 24.47, 30
2026/08/15 10:39:11.645, 19, 3, 12271, 23.77, 29
2026/08/15 10:39:12.646, 39, 7, 12343, 23.86, 29
2026/08/15 10:39:13.646, 30, 4, 12331, 23.92, 29
2026/08/15 10:39:14.647, 12, 1, 12291, 23.69, 29
2026/08/15 10:39:15.647, 23, 3, 12307, 23.80, 29
2026/08/15 10:39:16.650, 19, 4, 12343, 24.14, 29
2026/08/15 10:39:17.650, 26, 3, 12331, 23.84, 29
2026/08/15 10:39:18.651, 14, 3, 12311, 23.51, 29
2026/08/15 10:39:19.651, 13, 3, 12315, 23.95, 29
2026/08/15 10:39:20.652, 44, 8, 12331, 23.16, 29
2026/08/15 10:39:21.652, 36, 4, 12347, 23.60, 29
2026/08/15 10:39:22.653, 9, 2, 12251, 23.31, 29
2026/08/15 10:39:23.654, 10, 2, 12355, 23.61, 29
2026/08/15 10:39:24.654, 13, 2, 12343, 23.05, 29
2026/08/15 10:39:25.654, 36, 7, 12315, 23.63, 29
2026/08/15 10:39:26.655, 23, 3, 12343, 23.63, 29
2026/08/15 10:39:27.655, 33, 4, 12323, 23.90, 29
2026/08/15 10:39:28.655, 42, 7, 12343, 23.42, 29
2026/08/15 10:39:29.656, 51, 11, 12355, 24.00, 29
2026/08/15 10:39:30.656, 20, 2, 12323, 22.97, 29
2026/08/15 10:39:31.656, 8, 3, 12319, 23.55, 29
2026/08/15 10:39:32.656, 26, 4, 12303, 22.88, 29
2026/08/15 10:39:33.657, 15, 4, 12307, 24.12, 29
2026/08/15 10:39:34.657, 12, 2, 12335, 23.73, 29
2026/08/15 10:39:35.657, 42, 8, 12323, 23.54, 29
2026/08/15 10:39:36.658, 28, 4, 12291, 24.07, 29
2026/08/15 10:39:37.658, 22, 5, 12327, 24.77, 29
2026/08/15 10:39:38.659, 8, 2, 12335, 23.74, 29
2026/08/15 10:39:39.659, 11, 2, 12323, 23.97, 29
2026/08/15 10:39:40.660, 56, 10, 12343, 23.67, 29
2026/08/15 10:39:41.660, 16, 3, 12271, 24.07, 29
2026/08/15 10:39:42.661, 18, 5, 12303, 23.82, 29
2026/08/15 10:39:43.661, 10, 1, 12319, 23.50, 29
2026/08/15 10:39:44.661, 13, 2, 12331, 24.03, 29
2026/08/15 10:39:45.662, 29, 4, 12311, 23.50, 29
2026/08/15 10:39:46.662, 7, 2, 12283, 23.59, 29
2026/08/15 10:39:47.663, 9, 2, 12307, 23.57, 29
2026/08/15 10:39:48.663, 52, 7, 12275, 24.14, 29
2026/08/15 10:39:49.664, 12, 2, 12331, 23.98, 29
2026/08/15 10:39:50.664, 24, 5, 12319, 22.95, 29
2026/08/15 10:39:51.665, 21, 2, 12303, 25.03, 29
2026/08/15 10:39:52.666, 19, 3, 12343, 24.49, 29
2026/08/15 10:39:53.666, 17, 2, 12291, 23.61, 29
2026/08/15 10:39:54.666, 25, 4, 12323, 23.55, 29
2026/08/15 10:39:55.667, 13, 2, 12303, 23.84, 29
2026/08/15 10:39:56.667, 42, 8, 12343, 23.98, 29
2026/08/15 10:39:57.668, 8, 3, 12323, 24.72, 29
2026/08/15 10:39:58.668, 15, 2, 12279, 24.12, 29
2026/08/15 10:39:59.669, 29, 5, 12355, 25.20, 29
2026/08/15 10:40:00.669, 18, 2, 12231, 23.74, 29
2026/08/15 10:40:01.670, 41, 10, 12331, 24.26, 29
2026/08/15 10:40:02.670, 35, 6, 12315, 24.45, 29
2026/08/15 10:40:03.670, 24, 3, 12343, 25.07, 29
2026/08/15 10:40:04.672, 23, 3, 12271, 24.73, 29
2026/08/15 10:40:05.673, 34, 7, 12331, 24.08, 29
2026/08/15 10:40:06.673, 58, 9, 12311, 24.60, 29
2026/08/15 10:40:07.673, 4, 1, 12311, 24.41, 29
2026/08/15 10:40:08.674, 11, 1, 12299, 23.99, 29
2026/08/15 10:40:09.674, 33, 6, 12355, 23.65, 29
2026/08/15 10:40:10.674, 0, 0, 12291, 24.34, 29
2026/08/15 10:40:11.676, 32, 7, 12323, 23.81, 29
2026/08/15 10:40:12.676, 9, 2, 12291, 23.32, 29
2026/08/15 10:40:13.677, 12, 2, 12331, 23.55, 29
2026/08/15 10:40:14.677, 52, 10, 12323, 24.32, 29
2026/08/15 10:40:15.678, 34, 4, 12299, 24.28, 29
2026/08/15 10:40:16.678, 23, 4, 12319, 23.95, 29
2026/08/15 10:40:17.681, 11, 1, 12331, 22.96, 29
2026/08/15 10:40:18.681, 29, 5, 12275, 24.11, 29
2026/08/15 10:40:19.682, 3, 0, 12331, 23.14, 29
2026/08/15 10:40:20.682, 38, 5, 12331, 23.32, 29
2026/08/15 10:40:21.683, 12, 3, 12331, 24.10, 29
2026/08/15 10:40:22.684, 9, 1, 12307, 23.17, 29
2026/08/15 10:40:23.686, 11, 0, 12319, 22.80, 29
2026/08/15 10:40:24.686, 42, 8, 12335, 23.45, 29
2026/08/15 10:40:25.687, 8, 1, 12311, 23.35, 29
2026/08/15 10:40:26.687, 9, 0, 12299, 23.47, 29
2026/08/15 10:40:27.689, 28, 3, 12295, 22.25, 29
2026/08/15 10:40:28.690, 7, 1, 12335, 22.78, 29
2026/08/15 10:40:29.690, 15, 2, 12327, 23.40, 29
2026/08/15 10:40:30.690, 8, 1, 12283, 22.78, 29
2026/08/15 10:40:31.691, 8, 2, 12299, 22.25, 29
2026/08/15 10:40:32.692, 30, 5, 12355, 22.96, 29
2026/08/15 10:40:33.692, 6, 2, 12291, 23.23, 29
2026/08/15 10:40:34.693, 0, 0, 12283, 22.36, 29
2026/08/15 10:40:35.693, 23, 4, 12335, 22.89, 29
2026/08/15 10:40:36.694, 25, 4, 12335, 23.16, 29
2026/08/15 10:40:37.694, 21, 1, 12299, 23.71, 29
2026/08/15 10:40:38.694, 27, 3, 12311, 23.58, 29
2026/08/15 10:40:39.695, 21, 5, 12311, 23.56, 29
2026/08/15 10:40:40.696, 15, 2, 12319, 22.74, 29
2026/08/15 10:40:41.697, 6, 2, 12335, 23.81, 29
2026/08/15 10:40:42.697, 27, 4, 12299, 24.34, 29
2026/08/15 10:40:43.697, 9, 2, 12331, 23.12, 29
2026/08/15 10:40:44.698, 16, 2, 12303, 23.53, 29
2026/08/15 10:40:45.701, 14, 2, 12299, 22.98, 29
2026/08/15 10:40:46.702, 35, 6, 12355, 23.27, 29
2026/08/15 10:40:47.702, 6, 2, 12275, 23.71, 29
2026/08/15 10:40:48.706, 10, 0, 12283, 22.38, 29
2026/08/15 10:40:49.707, 10, 2, 12331, 22.29, 29
2026/08/15 10:40:50.707, 13, 3, 12347, 23.74, 29
2026/08/15 10:40:51.707, 10, 1, 12247, 23.02, 29
2026/08/15 10:40:52.707, 8, 0, 12319, 22.78, 29
2026/08/15 10:40:53.708, 14, 3, 12347, 23.02, 29
2026/08/15 10:40:54.708, 1, 1, 12299, 23.52, 29
2026/08/15 10:40:55.709, 36, 5, 12303, 22.67, 29
2026/08/15 10:40:56.709, 36, 7, 12355, 23.36, 29
2026/08/15 10:40:57.709, 10, 2, 12283, 23.65, 29
2026/08/15 10:40:58.710, 10, 2, 12331, 23.21, 29
2026/08/15 10:40:59.711, 22, 4, 12323, 23.44, 29
2026/08/15 10:41:00.711, 10, 2, 12291, 23.29, 29
2026/08/15 10:41:01.712, 18, 2, 12319, 23.50, 29
2026/08/15 10:41:02.712, 8, 1, 12319, 22.89, 29
2026/08/15 10:41:03.713, 33, 6, 12331, 23.41, 29
2026/08/15 10:41:04.713, 16, 2, 12331, 22.84, 29
2026/08/15 10:41:05.714, 20, 2, 12331, 23.74, 29
2026/08/15 10:41:06.714, 19, 3, 12335, 23.59, 29
2026/08/15 10:41:07.715, 11, 1, 12311, 23.10, 29
2026/08/15 10:41:08.715, 12, 1, 12299, 23.17, 29
2026/08/15 10:41:09.721, 22, 5, 12323, 22.82, 29
2026/08/15 10:41:10.721, 25, 4, 12355, 23.63, 29
2026/08/15 10:41:11.722, 10, 1, 12323, 22.99, 29
2026/08/15 10:41:12.722, 26, 2, 12279, 23.98, 29
2026/08/15 10:41:13.722, 12, 1, 12311, 22.86, 29
2026/08/15 10:41:14.723, 12, 1, 12319, 22.92, 29
2026/08/15 10:41:15.723, 6, 1, 12331, 22.59, 29
2026/08/15 10:41:16.730, 22, 4, 12271, 22.90, 29
2026/08/15 10:41:17.730, 18, 3, 12331, 23.06, 29
2026/08/15 10:41:18.731, 6, 1, 12295, 22.68, 29
2026/08/15 10:41:19.731, 20, 4, 12327, 22.80, 29
2026/08/15 10:41:20.731, 11, 1, 12307, 24.17, 29
2026/08/15 10:41:21.732, 2, 0, 12319, 23.02, 29
2026/08/15 10:41:22.732, 3, 1, 12303, 22.97, 29
2026/08/15 10:41:23.733, 12, 1, 12307, 22.87, 29
2026/08/15 10:41:24.735, 18, 3, 12339, 23.35, 29
2026/08/15 10:41:25.736, 25, 5, 12323, 23.67, 29
2026/08/15 10:41:26.737, 25, 4, 12303, 23.08, 29
2026/08/15 10:41:27.737, 15, 2, 12279, 22.81, 29
2026/08/15 10:41:28.737, 19, 4, 12331, 23.17, 29
2026/08/15 10:41:29.738, 14, 1, 12303, 23.67, 29
2026/08/15 10:41:30.738, 19, 4, 12335, 23.38, 29
2026/08/15 10:41:31.738, 7, 2, 12323, 23.81, 29
2026/08/15 10:41:32.739, 19, 3, 12291, 22.85, 29
2026/08/15 10:41:33.739, 27, 4, 12311, 23.64, 29
2026/08/15 10:41:34.740, 49, 12, 12327, 23.85, 29
2026/08/15 10:41:35.740, 22, 4, 12271, 23.32, 29
2026/08/15 10:41:36.745, 24, 4, 12291, 22.68, 29
2026/08/15 10:41:37.745, 8, 2, 12335, 23.35, 29
2026/08/15 10:41:38.746, 16, 2, 12295, 23.12, 29
2026/08/15 10:41:39.746, 36, 5, 12283, 23.49, 29
2026/08/15 10:41:40.746, 4, 1, 12283, 23.27, 28
2026/08/15 10:41:41.747, 15, 3, 12323, 22.92, 29
2026/08/15 10:41:42.747, 17, 2, 12315, 23.60, 29
2026/08/15 10:41:43.748, 11, 2, 12295, 23.64, 29
2026/08/15 10:41:44.748, 15, 3, 12283, 23.08, 28
2026/08/15 10:41:45.748, 45, 7, 12323, 23.15, 29
2026/08/15 10:41:46.749, 10, 0, 12283, 23.52, 28
2026/08/15 10:41:47.749, 7, 1, 12367, 23.68, 29
2026/08/15 10:41:48.750, 25, 4, 12279, 23.01, 28
2026/08/15 10:41:49.751, 4, 1, 12319, 22.83, 28
2026/08/15 10:41:50.752, 21, 1, 12343, 23.26, 28
2026/08/15 10:41:51.752, 18, 2, 12315, 23.83, 28
2026/08/15 10:41:52.752, 34, 8, 12291, 23.40, 28
2026/08/15 10:41:53.753, 20, 3, 12331, 24.39, 29
2026/08/15 10:41:54.754, 20, 3, 12259, 23.73, 28
2026/08/15 10:41:55.755, 20, 5, 12367, 24.38, 28
2026/08/15 10:41:56.755, 6, 2, 12263, 24.23, 28
2026/08/15 10:41:57.756, 8, 1, 12311, 23.51, 28
2026/08/15 10:41:58.756, 7, 1, 12371, 23.77, 28
2026/08/15 10:41:59.758, 13, 1, 12331, 23.98, 28
2026/08/15 10:42:00.761, 12, 3, 12291, 23.65, 28
2026/08/15 10:42:01.762, 20, 2, 12335, 24.02, 28
2026/08/15 10:42:02.762, 33, 4, 12319, 24.33, 28
2026/08/15 10:42:03.763, 4, 1, 12363, 23.88, 28
2026/08/15 10:42:04.763, 27, 2, 12303, 24.48, 28
2026/08/15 10:42:05.763, 8, 2, 12323, 23.83, 28
2026/08/15 10:42:06.764, 25, 4, 12367, 25.87, 28
2026/08/15 10:42:07.764, 10, 2, 12359, 24.27, 28
2026/08/15 10:42:08.764, 9, 1, 12299, 24.22, 28
2026/08/15 10:42:09.765, 0, 0, 12295, 23.44, 28
2026/08/15 10:42:10.765, 20, 3, 12371, 24.58, 28
2026/08/15 10:42:11.765, 31, 4, 12379, 25.19, 28
2026/08/15 10:42:12.766, 17, 1, 12295, 24.24, 28
2026/08/15 10:42:13.766, 12, 2, 12319, 23.23, 28
2026/08/15 10:42:14.766, 30, 6, 12347, 24.40, 28
2026/08/15 10:42:15.767, 23, 4, 12271, 24.35, 28
2026/08/15 10:42:16.767, 1, 1, 12279, 23.59, 28
2026/08/15 10:42:17.768, 27, 3, 12347, 23.31, 28
2026/08/15 10:42:18.768, 6, 3, 12303, 24.20, 28
2026/08/15 10:42:19.770, 0, 0, 12307, 22.74, 28
2026/08/15 10:42:20.770, 32, 5, 12291, 22.97, 28
2026/08/15 10:42:21.770, 22, 5, 12335, 23.30, 28
2026/08/15 10:42:22.771, 6, 2, 12275, 22.93, 28
2026/08/15 10:42:23.771, 8, 1, 12291, 23.63, 28
2026/08/15 10:42:24.772, 12, 3, 12311, 22.77, 28
2026/08/15 10:42:25.773, 21, 3, 12315, 23.79, 28
2026/08/15 10:42:26.773, 3, 1, 12307, 24.94, 28
2026/08/15 10:42:27.774, 5, 1, 12283, 23.64, 28
2026/08/15 10:42:28.774, 18, 4, 12327, 23.32, 28
2026/08/15 10:42:29.774, 17, 1, 12307, 23.07, 28
2026/08/15 10:42:30.775, 8, 2, 12323, 22.99, 28
2026/08/15 10:42:31.775, 23, 2, 12357, 23.39, 28
2026/08/15 10:42:32.776, 13, 1, 12421, 24.00, 28
2026/08/15 10:42:33.776, 10, 1, 12305, 22.75, 28
2026/08/15 10:42:34.777, 0, 0, 12293, 23.60, 28
2026/08/15 10:42:35.780, 19, 3, 12381, 22.88, 28
2026/08/15 10:42:36.781, 21, 3, 12309, 23.70, 28
2026/08/15 10:42:37.781, 6, 1, 12297, 23.71, 28
2026/08/15 10:42:38.781, 25, 3, 12345, 23.29, 28
2026/08/15 10:42:39.782, 44, 7, 12345, 23.36, 28
2026/08/15 10:42:40.782, 34, 7, 12369, 23.95, 28
2026/08/15 10:42:41.785, 0, 0, 12369, 22.21, 28
2026/08/15 10:42:42.786, 16, 1, 12337, 24.70, 28
2026/08/15 10:42:43.786, 15, 1, 12281, 22.91, 28
2026/08/15 10:42:44.787, 6, 1, 12317, 22.81, 28
2026/08/15 10:42:45.787, 14, 1, 12301, 22.91, 28
2026/08/15 10:42:46.787, 53, 8, 12345, 22.87, 28
2026/08/15 10:42:47.787, 11, 2, 12333, 23.18, 28
2026/08/15 10:42:48.788, 6, 1, 12305, 22.53, 28
2026/08/15 10:42:49.789, 29, 4, 12331, 22.41, 28
2026/08/15 10:42:50.790, 19, 4, 12375, 22.97, 28
2026/08/15 10:42:51.790, 37, 4, 12331, 22.58, 28
2026/08/15 10:42:52.790, 23, 3, 12283, 23.54, 28
2026/08/15 10:42:53.792, 6, 1, 12287, 23.70, 28
2026/08/15 10:42:54.793, 12, 3, 12299, 22.83, 28
2026/08/15 10:42:55.793, 11, 2, 12347, 23.73, 28
2026/08/15 10:42:56.793, 28, 4, 12283, 23.25, 28
2026/08/15 10:42:57.794, 4, 1, 12327, 22.84, 28
2026/08/15 10:42:58.795, 5, 2, 12359, 22.57, 28
2026/08/15 10:42:59.795, 6, 2, 12331, 22.70, 28
2026/08/15 10:43:00.795, 12, 3, 12327, 23.06, 28
2026/08/15 10:43:01.796, 12, 1, 12303, 22.77, 28
2026/08/15 10:43:02.796, 18, 3, 12347, 23.01, 28
2026/08/15 10:43:03.797, 15, 1, 12315, 22.41, 28
2026/08/15 10:43:04.798, 19, 3, 12303, 22.26, 28
2026/08/15 10:43:05.798, 25, 4, 12383, 22.77, 28
2026/08/15 10:43:06.798, 4, 2, 12335, 22.90, 28
2026/08/15 10:43:07.799, 0, 0, 12295, 22.47, 28
2026/08/15 10:43:08.799, 8, 2, 12315, 22.57, 28
2026/08/15 10:43:09.799, 13, 3, 12323, 23.05, 28
2026/08/15 10:43:10.800, 21, 2, 12347, 22.89, 28
2026/08/15 10:43:11.801, 19, 2, 12339, 23.10, 28
2026/08/15 10:43:12.803, 1, 1, 12275, 22.42, 28
2026/08/15 10:43:13.804, 17, 1, 12303, 22.60, 28
2026/08/15 10:43:14.805, 0, 0, 12323, 22.47, 28
2026/08/15 10:43:15.805, 10, 1, 12303, 22.88, 28
2026/08/15 10:43:16.806, 24, 4, 12347, 22.93, 28
2026/08/15 10:43:17.806, 19, 3, 12319, 23.06, 28
2026/08/15 10:43:18.807, 18, 2, 12303, 22.29, 28
2026/08/15 10:43:19.807, 11, 3, 12295, 22.08, 28
2026/08/15 10:43:20.808, 56, 12, 12335, 23.48, 28
2026/08/15 10:43:21.808, 43, 7, 12327, 24.02, 28
2026/08/15 10:43:22.809, 5, 2, 12315, 23.40, 28
2026/08/15 10:43:23.809, 34, 7, 12319, 22.74, 28
2026/08/15 10:43:24.810, 44, 4, 12323, 22.58, 28
2026/08/15 10:43:25.810, 26, 4, 12299, 22.74, 28
2026/08/15 10:43:26.811, 17, 2, 12351, 23.52, 28
2026/08/15 10:43:27.811, 17, 1, 12303, 22.04, 28
2026/08/15 10:43:28.812, 23, 4, 12327, 23.66, 28
2026/08/15 10:43:29.812, 4, 1, 12295, 22.61, 28
2026/08/15 10:43:30.812, 18, 3, 12339, 22.04, 28
2026/08/15 10:43:31.813, 16, 4, 12311, 23.95, 28
2026/08/15 10:43:32.814, 9, 1, 12295, 23.27, 28
2026/08/15 10:43:33.815, 9, 1, 12335, 22.66, 28
2026/08/15 10:43:34.816, 29, 4, 12315, 22.91, 28
2026/08/15 10:43:35.817, 7, 1, 12315, 22.69, 28
2026/08/15 10:43:36.817, 7, 1, 12303, 23.19, 28
2026/08/15 10:43:37.817, 5, 2, 12259, 22.59, 28
2026/08/15 10:43:38.818, 25, 2, 12323, 22.58, 28
2026/08/15 10:43:39.818, 15, 2, 12327, 24.08, 28
2026/08/15 10:43:40.819, 14, 1, 12275, 23.11, 28
2026/08/15 10:43:41.819, 16, 2, 12323, 22.51, 28
2026/08/15 10:43:42.820, 42, 7, 12327, 22.98, 28
2026/08/15 10:43:43.820, 8, 2, 12283, 23.24, 28
2026/08/15 10:43:44.820, 33, 7, 12347, 23.02, 28
2026/08/15 10:43:45.821, 0, 0, 12295, 23.45, 28
2026/08/15 10:43:46.821, 36, 7, 12327, 22.74, 28
2026/08/15 10:43:47.822, 9, 1, 12347, 23.02, 28
2026/08/15 10:43:48.822, 18, 3, 12263, 22.20, 28
2026/08/15 10:43:49.823, 7, 1, 12335, 22.56, 28
2026/08/15 10:43:50.823, 17, 2, 12327, 22.87, 28
2026/08/15 10:43:51.824, 27, 5, 12319, 23.35, 28
2026/08/15 10:43:52.827, 2, 1, 12291, 23.67, 28
2026/08/15 10:43:53.828, 27, 5, 12327, 22.72, 28
2026/08/15 10:43:54.828, 8, 2, 12271, 23.54, 28
2026/08/15 10:43:55.828, 16, 2, 12311, 22.57, 28
2026/08/15 10:43:56.829, 35, 7, 12359, 23.02, 28
2026/08/15 10:43:57.829, 13, 3, 12267, 23.45, 28
2026/08/15 10:43:58.830, 13, 2, 12283, 22.49, 28
2026/08/15 10:43:59.834, 6, 1, 12323, 22.37, 28
2026/08/15 10:44:00.834, 13, 2, 12359, 23.12, 28
2026/08/15 10:44:01.834, 10, 3, 12335, 23.22, 28
2026/08/15 10:44:02.839, 27, 3, 12323, 22.53, 28
2026/08/15 10:44:03.839, 41, 8, 12347, 23.32, 28
2026/08/15 10:44:04.840, 30, 5, 12299, 23.54, 28
2026/08/15 10:44:05.840, 23, 3, 12303, 22.79, 28
2026/08/15 10:44:06.841, 28, 5, 12347, 22.42, 28
2026/08/15 10:44:07.841, 17, 2, 12339, 23.37, 28
2026/08/15 10:44:08.842, 2, 0, 12299, 23.16, 28
2026/08/15 10:44:09.842, 15, 2, 12327, 22.67, 28
2026/08/15 10:44:10.842, 25, 4, 12327, 23.21, 28
2026/08/15 10:44:11.843, 23, 3, 12303, 23.00, 28
2026/08/15 10:44:12.844, 41, 8, 12359, 23.30, 28
2026/08/15 10:44:13.844, 23, 2, 12295, 22.85, 28
2026/08/15 10:44:14.844, 2, 1, 12323, 22.86, 28
2026/08/15 10:44:15.846, 19, 4, 12339, 23.39, 28
2026/08/15 10:44:16.846, 0, 1, 12287, 22.86, 28
2026/08/15 10:44:17.847, 14, 2, 12307, 22.59, 28
2026/08/15 10:44:18.848, 31, 6, 12311, 23.31, 28
2026/08/15 10:44:19.848, 29, 5, 12335, 23.77, 28
2026/08/15 10:44:20.849, 16, 2, 12315, 23.93, 28
2026/08/15 10:44:21.849, 35, 7, 12335, 23.16, 28
2026/08/15 10:44:22.849, 32, 6, 12327, 23.79, 28
2026/08/15 10:44:23.850, 53, 12, 12307, 23.56, 28
2026/08/15 10:44:24.850, 15, 2, 12307, 23.61, 28
2026/08/15 10:44:25.851, 24, 4, 12319, 23.32, 28
2026/08/15 10:44:26.851, 27, 5, 12339, 23.98, 28
2026/08/15 10:44:27.855, 20, 1, 12315, 23.04, 28
2026/08/15 10:44:28.856, 2, 0, 12287, 22.90, 28
2026/08/15 10:44:29.856, 36, 4, 12359, 23.18, 28
2026/08/15 10:44:30.856, 16, 3, 12335, 23.45, 28
2026/08/15 10:44:31.857, 18, 3, 12319, 23.30, 28
2026/08/15 10:44:32.869, 17, 3, 12295, 23.24, 28
2026/08/15 10:44:33.869, 35, 6, 12311, 23.30, 28
2026/08/15 10:44:34.873, 15, 2, 12283, 23.88, 28
2026/08/15 10:44:35.874, 16, 2, 12327, 23.62, 28
2026/08/15 10:44:36.874, 11, 2, 12287, 23.25, 28
2026/08/15 10:44:37.875, 35, 7, 12339, 22.74, 28
2026/08/15 10:44:38.875, 12, 3, 12311, 24.42, 28
2026/08/15 10:44:39.877, 16, 2, 12303, 22.86, 28
2026/08/15 10:44:40.878, 6, 2, 12311, 23.09, 28
2026/08/15 10:44:41.879, 19, 2, 12347, 23.28, 28
2026/08/15 10:44:42.882, 0, 0, 12315, 22.95, 28
2026/08/15 10:44:43.882, 9, 2, 12259, 23.01, 28
2026/08/15 10:44:44.883, 18, 2, 12335, 22.10, 28
2026/08/15 10:44:45.884, 15, 2, 12319, 23.58, 28
2026/08/15 10:44:46.885, 8, 1, 12315, 23.65, 28
2026/08/15 10:44:47.885, 20, 4, 12339, 22.71, 28
2026/08/15 10:44:48.885, 41, 6, 12315, 23.19, 28
2026/08/15 10:44:49.886, 15, 1, 12295, 22.92, 28
2026/08/15 10:44:50.886, 13, 3, 12327, 22.03, 28
2026/08/15 10:44:51.886, 13, 2, 12327, 23.36, 28
2026/08/15 10:44:52.887, 17, 3, 12287, 23.59, 28
2026/08/15 10:44:53.888, 28, 4, 12347, 22.94, 28
2026/08/15 10:44:54.889, 13, 3, 12295, 22.10, 28
2026/08/15 10:44:55.893, 23, 4, 12319, 22.66, 28
2026/08/15 10:44:56.893, 38, 8, 12335, 22.88, 28
2026/08/15 10:44:57.894, 25, 3, 12315, 22.55, 28
2026/08/15 10:44:58.894, 17, 3, 12359, 21.12, 28
2026/08/15 10:44:59.895, 15, 2, 12303, 23.25, 28
2026/08/15 10:45:00.895, 7, 1, 12307, 22.41, 28
2026/08/15 10:45:01.896, 10, 0, 12335, 21.79, 28
2026/08/15 10:45:02.897, 6, 1, 12295, 22.53, 28
2026/08/15 10:45:03.897, 23, 5, 12339, 22.53, 28
2026/08/15 10:45:04.898, 22, 4, 12275, 22.37, 28
2026/08/15 10:45:05.898, 14, 2, 12335, 22.12, 28
2026/08/15 10:45:06.899, 13, 2, 12347, 22.95, 28
2026/08/15 10:45:07.899, 12, 1, 12315, 21.26, 28
2026/08/15 10:45:08.899, 2, 1, 12331, 22.40, 28
2026/08/15 10:45:09.900, 9, 1, 12319, 22.16, 28
2026/08/15 10:45:10.900, 31, 5, 12315, 22.38, 28
2026/08/15 10:45:11.900, 19, 2, 12351, 22.41, 28
2026/08/15 10:45:12.901, 4, 2, 12319, 21.82, 28
2026/08/15 10:45:13.901, 8, 1, 12291, 22.01, 28
2026/08/15 10:45:14.902, 14, 2, 12327, 21.86, 28
2026/08/15 10:45:15.903, 23, 5, 12359, 22.91, 28
2026/08/15 10:45:16.903, 30, 3, 12291, 21.79, 28
2026/08/15 10:45:17.904, 14, 2, 12327, 23.73, 28
2026/08/15 10:45:18.905, 17, 3, 12311, 22.77, 28
2026/08/15 10:45:19.905, 0, 0, 12291, 22.29, 28
2026/08/15 10:45:20.906, 9, 2, 12335, 21.66, 28
2026/08/15 10:45:21.906, 14, 2, 12299, 22.92, 28
2026/08/15 10:45:22.907, 0, 0, 12275, 22.77, 28
2026/08/15 10:45:23.907, 16, 2, 12311, 22.37, 28
2026/08/15 10:45:24.908, 23, 4, 12307, 22.29, 28
2026/08/15 10:45:25.908, 10, 2, 12331, 22.66, 28
2026/08/15 10:45:26.909, 7, 2, 12311, 22.55, 28
2026/08/15 10:45:27.909, 16, 3, 12323, 22.16, 28
2026/08/15 10:45:28.910, 19, 4, 12295, 22.37, 28
2026/08/15 10:45:29.910, 8, 0, 12359, 22.43, 28
2026/08/15 10:45:30.910, 4, 3, 12287, 22.25, 28
2026/08/15 10:45:31.913, 3, 0, 12263, 21.38, 28
2026/08/15 10:45:32.916, 23, 3, 12343, 22.10, 28
2026/08/15 10:45:33.916, 1, 1, 12275, 21.65, 28
2026/08/15 10:45:34.917, 11, 2, 12315, 21.72, 28
2026/08/15 10:45:35.917, 25, 5, 12315, 21.65, 28
2026/08/15 10:45:36.918, 24, 3, 12351, 23.46, 28
2026/08/15 10:45:37.918, 8, 2, 12243, 22.32, 28
2026/08/15 10:45:38.918, 15, 3, 12323, 22.22, 28
2026/08/15 10:45:39.919, 33, 7, 12371, 23.68, 28
2026/08/15 10:45:40.920, 24, 3, 12271, 22.71, 28
2026/08/15 10:45:41.921, 10, 2, 12347, 22.28, 28
2026/08/15 10:45:42.921, 29, 7, 12327, 24.26, 28
2026/08/15 10:45:43.921, 27, 3, 12311, 22.97, 28
2026/08/15 10:45:44.922, 26, 3, 12327, 22.51, 28
2026/08/15 10:45:45.928, 18, 3, 12335, 22.92, 28
2026/08/15 10:45:46.929, 35, 8, 12331, 22.94, 28
2026/08/15 10:45:47.929, 65, 16, 12303, 23.34, 28
2026/08/15 10:45:48.930, 15, 4, 12335, 23.43, 28
2026/08/15 10:45:49.930, 60, 12, 12323, 22.99, 28
2026/08/15 10:45:50.931, 21, 3, 12351, 22.92, 28
2026/08/15 10:45:51.932, 16, 3, 12315, 23.29, 28
2026/08/15 10:45:52.932, 0, 0, 12307, 22.40, 28
2026/08/15 10:45:53.932, 34, 5, 12347, 22.49, 28
2026/08/15 10:45:54.932, 33, 7, 12319, 23.26, 28
2026/08/15 10:45:55.933, 21, 4, 12287, 23.79, 28
2026/08/15 10:45:56.933, 0, 0, 12283, 22.89, 28
2026/08/15 10:45:57.934, 6, 0, 12323, 22.61, 28
2026/08/15 10:45:58.934, 23, 3, 12347, 22.88, 28
2026/08/15 10:45:59.935, 40, 3, 12291, 22.79, 28
2026/08/15 10:46:00.938, 9, 1, 12315, 23.20, 28
2026/08/15 10:46:01.938, 3, 1, 12315, 23.00, 28
2026/08/15 10:46:02.939, 0, 0, 12303, 22.63, 28
2026/08/15 10:46:03.939, 37, 6, 12335, 23.22, 28
2026/08/15 10:46:04.939, 13, 3, 12371, 23.67, 28
2026/08/15 10:46:05.940, 27, 3, 12303, 22.66, 28
2026/08/15 10:46:06.940, 10, 2, 12315, 22.98, 28
2026/08/15 10:46:07.944, 0, 0, 12327, 22.58, 28
2026/08/15 10:46:08.944, 0, 1, 12303, 22.48, 28
2026/08/15 10:46:09.947, 15, 1, 12319, 22.53, 28
2026/08/15 10:46:10.948, 0, 1, 12315, 23.64, 28
2026/08/15 10:46:11.948, 25, 4, 12327, 22.86, 28
2026/08/15 10:46:12.949, 8, 0, 12303, 22.73, 28
2026/08/15 10:46:13.949, 22, 4, 12295, 22.46, 28
2026/08/15 10:46:14.949, 18, 3, 12327, 22.44, 28
2026/08/15 10:46:15.951, 16, 4, 12327, 23.26, 28
2026/08/15 10:46:16.951, 2, 1, 12327, 22.41, 28
2026/08/15 10:46:17.952, 26, 6, 12303, 22.87, 28
2026/08/15 10:46:18.952, 19, 2, 12315, 22.50, 28
2026/08/15 10:46:19.953, 20, 3, 12359, 23.69, 28
2026/08/15 10:46:20.953, 6, 0, 12315, 23.99, 28
2026/08/15 10:46:21.956, 3, 1, 12299, 22.62, 28
2026/08/15 10:46:22.956, 17, 3, 12359, 21.58, 28
2026/08/15 10:46:23.957, 9, 0, 12307, 23.10, 28
2026/08/15 10:46:24.957, 30, 6, 12335, 22.21, 28
2026/08/15 10:46:25.957, 3, 0, 12335, 22.45, 28
2026/08/15 10:46:26.958, 18, 1, 12295, 23.20, 28
2026/08/15 10:46:27.958, 0, 0, 12335, 22.12, 28
2026/08/15 10:46:28.958, 16, 3, 12267, 22.69, 28
2026/08/15 10:46:29.966, 36, 7, 12323, 22.31, 28
2026/08/15 10:46:30.966, 31, 7, 12359, 23.51, 28
2026/08/15 10:46:31.967, 40, 5, 12315, 22.46, 28
2026/08/15 10:46:32.967, 25, 3, 12323, 22.36, 28
2026/08/15 10:46:33.968, 16, 2, 12291, 23.46, 28
2026/08/15 10:46:34.968, 22, 3, 12303, 23.14, 28
2026/08/15 10:46:35.968, 49, 11, 12315, 22.76, 29
2026/08/15 10:46:36.969, 38, 8, 12335, 23.09, 29
2026/08/15 10:46:37.970, 56, 11, 12327, 23.25, 29
2026/08/15 10:46:38.970, 46, 7, 12295, 23.34, 29
2026/08/15 10:46:39.971, 6, 2, 12347, 22.86, 28
2026/08/15 10:46:40.971, 70, 14, 12347, 22.72, 29
2026/08/15 10:46:41.972, 33, 7, 12307, 23.02, 29
2026/08/15 10:46:42.972, 27, 4, 12283, 22.88, 29
2026/08/15 10:46:43.973, 28, 3, 12335, 22.60, 29
2026/08/15 10:46:44.973, 19, 3, 12311, 22.55, 29
2026/08/15 10:46:45.973, 10, 2, 12371, 23.32, 29
2026/08/15 10:46:46.974, 34, 6, 12303, 23.41, 29
2026/08/15 10:46:47.975, 31, 4, 12335, 22.61, 29
2026/08/15 10:46:48.976, 5, 1, 12327, 23.87, 29
2026/08/15 10:46:49.976, 39, 8, 12287, 23.35, 29
2026/08/15 10:46:50.976, 3, 1, 12311, 23.08, 29
2026/08/15 10:46:51.982, 13, 1, 12327, 23.11, 29
2026/08/15 10:46:52.982, 11, 2, 12291, 22.54, 29
2026/08/15 10:46:53.983, 6, 1, 12327, 22.03, 28
2026/08/15 10:46:54.983, 22, 4, 12339, 24.20, 29
2026/08/15 10:46:55.985, 10, 2, 12303, 22.85, 29
2026/08/15 10:46:56.985, 0, 0, 12367, 24.08, 29
2026/08/15 10:46:57.986, 5, 1, 12279, 23.53, 29
2026/08/15 10:46:58.989, 29, 6, 12347, 23.76, 29
2026/08/15 10:46:59.989, 23, 3, 12347, 24.12, 29
2026/08/15 10:47:00.990, 4, 1, 12307, 25.06, 29
2026/08/15 10:47:01.990, 3, 1, 12267, 23.87, 29
2026/08/15 10:47:02.991, 11, 2, 12335, 22.02, 29
2026/08/15 10:47:03.991, 37, 9, 12327, 24.82, 29
2026/08/15 10:47:04.992, 14, 1, 12319, 23.66, 29
2026/08/15 10:47:05.992, 0, 1, 12271, 23.07, 29
2026/08/15 10:47:06.993, 13, 3, 12327, 22.23, 29
2026/08/15 10:47:07.994, 16, 3, 12287, 22.62, 29
2026/08/15 10:47:08.994, 8, 1, 12327, 23.14, 29
2026/08/15 10:47:09.994, 3, 0, 12291, 21.98, 29
2026/08/15 10:47:10.995, 39, 8, 12347, 22.78, 29
2026/08/15 10:47:11.995, 21, 3, 12335, 23.44, 29
2026/08/15 10:47:12.995, 40, 7, 12315, 23.64, 29
2026/08/15 10:47:13.997, 2, 1, 12315, 22.34, 29
2026/08/15 10:47:14.998, 12, 1, 12327, 22.22, 29
2026/08/15 10:47:15.998, 14, 2, 12315, 22.60, 29
2026/08/15 10:47:16.998, 13, 1, 12307, 22.80, 29
2026/08/15 10:47:17.999, 7, 1, 12323, 22.25, 29
2026/08/15 10:47:18.999, 30, 5, 12331, 22.40, 29
2026/08/15 10:47:19.999, 18, 2, 12335, 21.75, 29
2026/08/15 10:47:21.000, 12, 2, 12323, 22.38, 29
2026/08/15 10:47:22.000, 25, 5, 12343, 22.23, 29
2026/08/15 10:47:23.001, 38, 7, 12323, 22.98, 29
2026/08/15 10:47:24.001, 17, 4, 12311, 22.11, 29
2026/08/15 10:47:25.004, 4, 1, 12323, 23.03, 29
2026/08/15 10:47:26.005, 0, 0, 12335, 23.14, 29
2026/08/15 10:47:27.005, 13, 2, 12363, 22.16, 29
2026/08/15 10:47:28.005, 16, 3, 12335, 23.18, 29
2026/08/15 10:47:29.006, 9, 2, 12295, 22.30, 29
2026/08/15 10:47:30.006, 6, 0, 12319, 22.55, 29
2026/08/15 10:47:31.007, 39, 6, 12351, 23.60, 29
2026/08/15 10:47:32.007, 30, 4, 12315, 22.86, 29
2026/08/15 10:47:33.007, 8, 2, 12343, 22.34, 29
2026/08/15 10:47:34.008, 37, 6, 12295, 21.96, 29
2026/08/15 10:47:35.008, 24, 3, 12335, 22.84, 29
2026/08/15 10:47:36.009, 4, 1, 12335, 23.19, 29
2026/08/15 10:47:37.009, 0, 0, 12275, 22.25, 29
2026/08/15 10:47:38.009, 25, 4, 12335, 21.45, 29
2026/08/15 10:47:39.009, 7, 1, 12323, 22.36, 29
2026/08/15 10:47:40.010, 16, 4, 12339, 24.45, 29
2026/08/15 10:47:41.010, 5, 1, 12303, 22.91, 29
2026/08/15 10:47:42.011, 12, 2, 12329, 21.71, 29
2026/08/15 10:47:43.012, 3, 0, 12309, 24.04, 29
2026/08/15 10:47:44.012, 6, 1, 12325, 22.84, 29
2026/08/15 10:47:45.013, 0, 0, 12309, 22.23, 29
2026/08/15 10:47:46.013, 27, 3, 12361, 21.72, 29
2026/08/15 10:47:47.013, 3, 1, 12349, 23.14, 29
2026/08/15 10:47:48.014, 8, 1, 12301, 22.43, 29
2026/08/15 10:47:49.014, 1, 0, 12337, 21.66, 29
2026/08/15 10:47:50.014, 19, 3, 12385, 22.19, 29
2026/08/15 10:47:51.015, 38, 8, 12357, 23.00, 29
2026/08/15 10:47:52.016, 9, 2, 12285, 22.03, 29
2026/08/15 10:47:53.017, 8, 1, 12349, 22.73, 29
2026/08/15 10:47:54.017, 21, 3, 12333, 22.69, 29
2026/08/15 10:47:55.017, 30, 4, 12341, 23.66, 29
2026/08/15 10:47:56.017, 6, 1, 12353, 22.42, 29
2026/08/15 10:47:57.018, 0, 0, 12309, 22.71, 29
2026/08/15 10:47:58.019, 0, 0, 12337, 22.38, 29
2026/08/15 10:47:59.019, 7, 1, 12305, 22.10, 29
2026/08/15 10:48:00.020, 25, 4, 12337, 22.65, 29
2026/08/15 10:48:01.020, 27, 4, 12325, 22.16, 29
2026/08/15 10:48:02.021, 20, 3, 12317, 22.55, 29
2026/08/15 10:48:03.021, 40, 7, 12361, 22.55, 29
2026/08/15 10:48:04.021, 5, 1, 12341, 22.39, 29
2026/08/15 10:48:05.022, 5, 1, 12353, 22.20, 29
2026/08/15 10:48:06.022, 32, 5, 12425, 23.42, 29
2026/08/15 10:48:07.022, 3, 1, 12373, 23.32, 29
2026/08/15 10:48:08.023, 57, 8, 12313, 22.35, 29
2026/08/15 10:48:09.023, 4, 2, 12293, 22.78, 29
2026/08/15 10:48:10.024, 25, 5, 12365, 22.38, 29
2026/08/15 10:48:11.024, 9, 1, 12309, 22.47, 29
2026/08/15 10:48:12.025, 42, 7, 12341, 22.47, 29
2026/08/15 10:48:13.026, 6, 1, 12333, 22.99, 29
2026/08/15 10:48:14.028, 26, 4, 12329, 22.45, 29
2026/08/15 10:48:15.028, 13, 3, 12353, 23.15, 29
2026/08/15 10:48:16.031, 43, 7, 12365, 22.55, 29
2026/08/15 10:48:17.031, 17, 1, 12365, 22.93, 29
2026/08/15 10:48:18.032, 27, 5, 12305, 23.02, 29
2026/08/15 10:48:19.032, 50, 9, 12337, 23.50, 29
2026/08/15 10:48:20.033, 30, 5, 12333, 22.86, 29
2026/08/15 10:48:21.035, 20, 2, 12317, 23.20, 29
2026/08/15 10:48:22.040, 16, 2, 12313, 22.55, 29
2026/08/15 10:48:23.041, 12, 1, 12337, 22.88, 29
2026/08/15 10:48:24.041, 16, 2, 12377, 22.06, 29
2026/08/15 10:48:25.041, 0, 0, 12313, 22.54, 29
2026/08/15 10:48:26.042, 10, 2, 12349, 21.24, 29
2026/08/15 10:48:27.042, 26, 5, 12329, 22.63, 29
2026/08/15 10:48:28.045, 15, 3, 12293, 22.74, 29
2026/08/15 10:48:29.045, 22, 2, 12341, 23.44, 29
2026/08/15 10:48:30.046, 5, 2, 12277, 23.13, 29
2026/08/15 10:48:31.048, 0, 0, 12281, 22.30, 29
2026/08/15 10:48:32.048, 10, 1, 12361, 23.04, 29
2026/08/15 10:48:33.049, 19, 3, 12293, 23.10, 29
2026/08/15 10:48:34.049, 24, 4, 12309, 23.96, 29
2026/08/15 10:48:35.050, 6, 1, 12353, 22.92, 29
2026/08/15 10:48:36.050, 2, 1, 12261, 22.57, 29
2026/08/15 10:48:37.051, 4, 1, 12325, 22.51, 29
2026/08/15 10:48:38.051, 10, 1, 12341, 22.68, 29
2026/08/15 10:48:39.051, 26, 3, 12333, 22.95, 29
2026/08/15 10:48:40.052, 20, 4, 12317, 22.98, 29
2026/08/15 10:48:41.052, 23, 5, 12297, 23.14, 29
2026/08/15 10:48:42.053, 4, 1, 12297, 22.68, 29
2026/08/15 10:48:43.053, 9, 2, 12361, 23.25, 29
2026/08/15 10:48:44.053, 26, 4, 12265, 23.27, 29
2026/08/15 10:48:45.054, 18, 2, 12361, 23.10, 29
2026/08/15 10:48:46.054, 10, 3, 12317, 23.94, 29
2026/08/15 10:48:47.055, 49, 8, 12337, 22.99, 29
2026/08/15 10:48:48.055, 33, 4, 12337, 23.79, 29
2026/08/15 10:48:49.056, 36, 10, 12329, 23.95, 29
2026/08/15 10:48:50.056, 3, 1, 12289, 23.51, 29
2026/08/15 10:48:51.057, 3, 1, 12313, 23.65, 29
2026/08/15 10:48:52.057, 13, 3, 12345, 23.39, 29
2026/08/15 10:48:53.058, 25, 4, 12305, 23.03, 29
2026/08/15 10:48:54.058, 9, 1, 12297, 23.09, 29
2026/08/15 10:48:55.060, 12, 2, 12341, 22.72, 29
2026/08/15 10:48:56.060, 7, 3, 12297, 23.14, 29
2026/08/15 10:48:57.061, 25, 3, 12349, 22.89, 29
2026/08/15 10:48:58.061, 6, 1, 12309, 22.56, 29
2026/08/15 10:48:59.061, 19, 4, 12281, 23.47, 29
2026/08/15 10:49:00.062, 13, 1, 12349, 23.00, 29
2026/08/15 10:49:01.063, 7, 3, 12325, 22.81, 29
2026/08/15 10:49:02.063, 14, 3, 12289, 22.83, 29
2026/08/15 10:49:03.064, 10, 1, 12337, 22.33, 29
2026/08/15 10:49:04.064, 14, 3, 12333, 23.50, 29
2026/08/15 10:49:05.064, 12, 2, 12329, 22.19, 29
2026/08/15 10:49:06.065, 15, 3, 12317, 22.82, 29
2026/08/15 10:49:07.065, 21, 1, 12309, 23.60, 29
2026/08/15 10:49:08.065, 7, 1, 12361, 23.00, 29
2026/08/15 10:49:09.066, 3, 1, 12265, 22.72, 29
2026/08/15 10:49:10.066, 0, 0, 12293, 22.01, 29
2026/08/15 10:49:11.067, 14, 3, 12341, 22.81, 29
2026/08/15 10:49:12.067, 32, 7, 12301, 23.06, 29
2026/08/15 10:49:13.067, 21, 2, 12305, 21.96, 29
2026/08/15 10:49:14.068, 19, 4, 12329, 23.16, 29
2026/08/15 10:49:15.068, 6, 1, 12297, 23.24, 29
2026/08/15 10:49:16.068, 22, 3, 12349, 22.34, 29
2026/08/15 10:49:17.069, 21, 4, 12345, 23.74, 29
2026/08/15 10:49:18.069, 13, 1, 12301, 22.83, 29
2026/08/15 10:49:19.069, 16, 4, 12333, 22.41, 29
2026/08/15 10:49:20.070, 23, 5, 12333, 23.88, 29
2026/08/15 10:49:21.071, 23, 4, 12281, 22.85, 29
2026/08/15 10:49:22.071, 7, 1, 12361, 22.57, 29
2026/08/15 10:49:23.072, 13, 2, 12309, 22.48, 29
2026/08/15 10:49:24.072, 48, 8, 12361, 22.62, 29
2026/08/15 10:49:25.072, 24, 6, 12305, 23.97, 29
2026/08/15 10:49:26.073, 20, 3, 12329, 22.57, 29
2026/08/15 10:49:27.075, 0, 0, 12361, 22.70, 29
2026/08/15 10:49:28.075, 11, 1, 12277, 22.75, 29
2026/08/15 10:49:29.076, 35, 9, 12329, 23.24, 29
2026/08/15 10:49:30.076, 6, 1, 12317, 23.19, 29
2026/08/15 10:49:31.076, 8, 2, 12309, 23.27, 29
2026/08/15 10:49:32.077, 4, 1, 12329, 23.16, 29
2026/08/15 10:49:33.077, 18, 2, 12329, 23.25, 29
2026/08/15 10:49:34.078, 21, 4, 12317, 23.85, 29
2026/08/15 10:49:35.078, 15, 3, 12337, 22.36, 29
2026/08/15 10:49:36.078, 28, 6, 12349, 24.22, 29
2026/08/15 10:49:37.079, 33, 4, 12261, 22.85, 29
2026/08/15 10:49:38.079, 7, 0, 12361, 22.71, 29
2026/08/15 10:49:39.080, 10, 1, 12317, 23.49, 29
2026/08/15 10:49:40.084, 26, 5, 12269, 23.16, 29
2026/08/15 10:49:41.085, 32, 5, 12317, 23.03, 29
2026/08/15 10:49:42.085, 14, 3, 12329, 23.13, 29
2026/08/15 10:49:43.085, 19, 2, 12349, 23.54, 29
2026/08/15 10:49:44.085, 0, 0, 12309, 23.25, 29
2026/08/15 10:49:45.086, 3, 1, 12349, 23.32, 29
2026/08/15 10:49:46.086, 2, 1, 12321, 22.75, 29
2026/08/15 10:49:47.087, 37, 6, 12329, 22.95, 29
2026/08/15 10:49:48.087, 37, 6, 12349, 22.99, 29
2026/08/15 10:49:49.087, 7, 1, 12353, 24.41, 29
2026/08/15 10:49:50.088, 10, 2, 12273, 23.29, 29
2026/08/15 10:49:51.088, 20, 3, 12337, 22.50, 29
2026/08/15 10:49:52.089, 28, 4, 12301, 23.99, 29
2026/08/15 10:49:53.089, 12, 1, 12321, 22.78, 29
2026/08/15 10:49:54.089, 17, 3, 12305, 22.42, 29
2026/08/15 10:49:55.090, 1, 1, 12325, 22.72, 29
2026/08/15 10:49:56.090, 12, 2, 12337, 22.11, 29
2026/08/15 10:49:57.090, 4, 2, 12357, 24.20, 29
2026/08/15 10:49:58.091, 37, 7, 12365, 22.99, 29
2026/08/15 10:49:59.091, 6, 1, 12337, 22.82, 29
2026/08/15 10:50:00.092, 12, 1, 12289, 23.11, 29
2026/08/15 10:50:01.103, 18, 4, 12305, 22.66, 29
2026/08/15 10:50:02.111, 37, 7, 12341, 23.52, 29
2026/08/15 10:50:03.112, 23, 4, 12289, 23.69, 29
2026/08/15 10:50:04.112, 17, 1, 12297, 22.75, 29
2026/08/15 10:50:05.113, 8, 2, 12353, 22.14, 29
2026/08/15 10:50:06.113, 8, 1, 12289, 23.18, 29
2026/08/15 10:50:07.113, 25, 5, 12337, 22.36, 29
2026/08/15 10:50:08.114, 5, 1, 12305, 23.33, 29
2026/08/15 10:50:09.114, 16, 2, 12329, 23.50, 29
2026/08/15 10:50:10.115, 17, 1, 12337, 22.72, 29
2026/08/15 10:50:11.115, 16, 3, 12349, 22.78, 29
2026/08/15 10:50:12.116, 37, 5, 12337, 23.68, 29
2026/08/15 10:50:13.116, 28, 3, 12337, 22.75, 29
2026/08/15 10:50:14.116, 33, 8, 12329, 23.13, 29
2026/08/15 10:50:15.117, 15, 0, 12293, 22.99, 29
2026/08/15 10:50:16.118, 15, 3, 12365, 23.82, 29
2026/08/15 10:50:17.118, 5, 1, 12297, 23.39, 29
2026/08/15 10:50:18.119, 4, 1, 12341, 22.86, 29
2026/08/15 10:50:19.119, 5, 2, 12317, 22.43, 29
2026/08/15 10:50:20.119, 46, 11, 12293, 23.19, 29
2026/08/15 10:50:21.120, 25, 4, 12365, 22.43, 29
2026/08/15 10:50:22.120, 9, 3, 12309, 23.17, 29
2026/08/15 10:50:23.120, 14, 3, 12353, 22.22, 29
2026/08/15 10:50:24.121, 3, 1, 12389, 22.71, 29
2026/08/15 10:50:25.121, 2, 1, 12325, 22.78, 29
2026/08/15 10:50:26.122, 13, 1, 12317, 21.80, 29
2026/08/15 10:50:27.122, 44, 10, 12325, 22.46, 29
2026/08/15 10:50:28.124, 1, 1, 12265, 22.68, 29
2026/08/15 10:50:29.124, 13, 3, 12353, 21.96, 29
2026/08/15 10:50:30.125, 20, 4, 12289, 23.50, 29
2026/08/15 10:50:31.125, 8, 1, 12325, 22.60, 29
2026/08/15 10:50:32.127, 21, 3, 12321, 22.47, 29
2026/08/15 10:50:33.127, 22, 3, 12369, 22.38, 29
2026/08/15 10:50:34.128, 17, 3, 12381, 22.30, 29
2026/08/15 10:50:35.128, 21, 5, 12305, 22.37, 29
2026/08/15 10:50:36.129, 12, 2, 12305, 22.30, 29
2026/08/15 10:50:37.130, 22, 3, 12369, 22.38, 29
2026/08/15 10:50:38.130, 16, 3, 12397, 22.58, 29
2026/08/15 10:50:39.130, 23, 4, 12337, 23.53, 29
2026/08/15 10:50:40.131, 6, 2, 12297, 22.21, 29
2026/08/15 10:50:41.131, 10, 2, 12333, 22.39, 29
2026/08/15 10:50:42.135, 14, 2, 12329, 23.48, 29
2026/08/15 10:50:43.136, 15, 1, 12309, 23.19, 29
2026/08/15 10:50:44.136, 22, 3, 12329, 23.14, 29
2026/08/15 10:50:45.137, 26, 4, 12385, 23.11, 29
2026/08/15 10:50:46.137, 20, 5, 12285, 22.80, 29
2026/08/15 10:50:47.138, 17, 3, 12349, 22.51, 29
2026/08/15 10:50:48.138, 15, 2, 12309, 22.68, 29
2026/08/15 10:50:49.138, 2, 0, 12349, 22.81, 29
2026/08/15 10:50:50.139, 15, 3, 12381, 23.10, 29
2026/08/15 10:50:51.140, 45, 8, 12385, 22.74, 29
2026/08/15 10:50:52.141, 39, 5, 12325, 23.50, 29
2026/08/15 10:50:53.141, 14, 2, 12309, 22.50, 29
2026/08/15 10:50:54.141, 44, 11, 12429, 22.49, 29
2026/08/15 10:50:55.146, 23, 2, 12365, 23.30, 29
2026/08/15 10:50:56.146, 21, 1, 12357, 22.17, 29
2026/08/15 10:50:57.147, 27, 5, 12337, 22.49, 29
2026/08/15 10:50:58.147, 30, 5, 12329, 22.81, 29
2026/08/15 10:50:59.148, 9, 1, 12361, 22.67, 29
2026/08/15 10:51:00.148, 0, 0, 12329, 22.61, 29
2026/08/15 10:51:01.149, 48, 9, 12309, 22.22, 29
2026/08/15 10:51:02.150, 5, 1, 12341, 22.69, 29
2026/08/15 10:51:03.150, 29, 5, 12409, 22.75, 29
2026/08/15 10:51:04.151, 7, 1, 12305, 23.26, 29
2026/08/15 10:51:05.152, 20, 3, 12369, 22.38, 29
2026/08/15 10:51:06.152, 34, 5, 12329, 22.91, 29
2026/08/15 10:51:07.152, 42, 6, 12369, 23.20, 29
2026/08/15 10:51:08.153, 20, 2, 12341, 23.28, 29
2026/08/15 10:51:09.154, 0, 0, 12297, 22.58, 29
2026/08/15 10:51:10.154, 4, 0, 12349, 22.46, 29
2026/08/15 10:51:11.154, 16, 2, 12301, 23.05, 29
2026/08/15 10:51:12.155, 18, 2, 12341, 22.64, 29
2026/08/15 10:51:13.155, 15, 2, 12297, 22.98, 29
2026/08/15 10:51:14.161, 6, 1, 12329, 22.83, 29
2026/08/15 10:51:15.162, 47, 9, 12329, 23.23, 29
2026/08/15 10:51:16.165, 12, 1, 12317, 23.13, 29
2026/08/15 10:51:17.165, 22, 5, 12309, 23.33, 29
2026/08/15 10:51:18.166, 29, 4, 12373, 22.31, 29
2026/08/15 10:51:19.166, 3, 1, 12289, 23.14, 29
2026/08/15 10:51:20.166, 4, 1, 12305, 22.03, 29
2026/08/15 10:51:21.167, 17, 2, 12341, 21.65, 29
2026/08/15 10:51:22.167, 12, 3, 12313, 22.80, 29
2026/08/15 10:51:23.167, 31, 6, 12341, 23.00, 29
2026/08/15 10:51:24.168, 1, 1, 12325, 22.89, 29
2026/08/15 10:51:25.168, 6, 3, 12265, 22.81, 29
2026/08/15 10:51:26.168, 19, 2, 12317, 22.61, 29
2026/08/15 10:51:27.169, 5, 0, 12341, 22.08, 29
2026/08/15 10:51:28.169, 3, 1, 12321, 22.64, 29
2026/08/15 10:51:29.170, 18, 3, 12301, 23.14, 29
2026/08/15 10:51:30.171, 23, 2, 12329, 22.65, 29
2026/08/15 10:51:31.171, 13, 2, 12321, 23.05, 29
2026/08/15 10:51:32.177, 30, 4, 12305, 23.29, 29
2026/08/15 10:51:33.178, 30, 5, 12321, 23.48, 29
2026/08/15 10:51:34.178, 17, 2, 12297, 23.32, 29
2026/08/15 10:51:35.178, 32, 6, 12329, 22.18, 29
2026/08/15 10:51:36.179, 15, 2, 12317, 23.19, 29
2026/08/15 10:51:37.179, 4, 0, 12309, 22.97, 29
2026/08/15 10:51:38.179, 38, 5, 12325, 21.66, 29
2026/08/15 10:51:39.180, 8, 1, 12349, 22.24, 29
2026/08/15 10:51:40.180, 13, 2, 12317, 22.85, 29
2026/08/15 10:51:41.181, 25, 5, 12317, 22.79, 29
2026/08/15 10:51:42.181, 0, 0, 12325, 22.58, 29
2026/08/15 10:51:43.181, 26, 5, 12309, 22.78, 29
2026/08/15 10:51:44.182, 10, 2, 12281, 23.18, 29
2026/08/15 10:51:45.183, 25, 4, 12349, 23.01, 29
2026/08/15 10:51:46.183, 44, 9, 12349, 22.68, 29
2026/08/15 10:51:47.184, 43, 7, 12305, 23.39, 29
2026/08/15 10:51:48.184, 33, 6, 12329, 23.24, 29
2026/08/15 10:51:49.184, 24, 4, 12317, 25.02, 29
2026/08/15 10:51:50.185, 0, 0, 12313, 22.89, 29
2026/08/15 10:51:51.185, 15, 3, 12341, 22.41, 29
2026/08/15 10:51:52.186, 6, 1, 12249, 23.32, 29
2026/08/15 10:51:53.186, 24, 3, 12273, 22.51, 29
2026/08/15 10:51:54.186, 23, 2, 12337, 22.52, 29
2026/08/15 10:51:55.187, 4, 1, 12321, 23.75, 29
2026/08/15 10:51:56.187, 10, 2, 12293, 22.59, 29
2026/08/15 10:51:57.188, 3, 0, 12325, 23.08, 29
2026/08/15 10:51:58.189, 22, 4, 12281, 22.76, 29
2026/08/15 10:51:59.189, 55, 10, 12349, 23.67, 29
2026/08/15 10:52:00.190, 45, 10, 12317, 25.45, 29
2026/08/15 10:52:01.190, 16, 3, 12273, 23.90, 29
2026/08/15 10:52:02.191, 12, 1, 12349, 22.97, 29
2026/08/15 10:52:03.192, 11, 3, 12349, 23.31, 29
2026/08/15 10:52:04.192, 38, 6, 12309, 23.59, 29
2026/08/15 10:52:05.193, 27, 4, 12325, 23.15, 29
2026/08/15 10:52:06.193, 28, 5, 12341, 23.97, 29
2026/08/15 10:52:07.193, 46, 6, 12277, 23.68, 29
2026/08/15 10:52:08.194, 12, 1, 12321, 23.59, 29
2026/08/15 10:52:09.194, 26, 4, 12289, 23.05, 29
2026/08/15 10:52:10.195, 23, 3, 12361, 22.90, 29
2026/08/15 10:52:11.195, 17, 5, 12317, 23.35, 29
2026/08/15 10:52:12.196, 16, 1, 12297, 22.89, 29
2026/08/15 10:52:13.197, 49, 12, 12341, 23.70, 29
2026/08/15 10:52:14.197, 27, 5, 12321, 23.79, 29
2026/08/15 10:52:15.197, 32, 5, 12305, 23.11, 29
2026/08/15 10:52:16.198, 26, 4, 12349, 22.61, 29
2026/08/15 10:52:17.199, 41, 6, 12341, 24.02, 29
2026/08/15 10:52:18.199, 30, 4, 12265, 23.56, 29
2026/08/15 10:52:19.199, 41, 6, 12349, 22.48, 29
2026/08/15 10:52:20.200, 7, 0, 12361, 23.68, 29
2026/08/15 10:52:21.201, 10, 1, 12317, 23.67, 29
2026/08/15 10:52:22.201, 2, 0, 12329, 22.60, 29
2026/08/15 10:52:23.201, 19, 2, 12329, 23.06, 29
2026/08/15 10:52:24.202, 25, 4, 12317, 22.14, 29
2026/08/15 10:52:25.202, 11, 2, 12329, 24.73, 29
2026/08/15 10:52:26.203, 25, 7, 12285, 23.17, 29
2026/08/15 10:52:27.205, 3, 1, 12337, 23.45, 29
2026/08/15 10:52:28.205, 11, 3, 12329, 23.11, 29
2026/08/15 10:52:29.208, 34, 6, 12277, 23.20, 29
2026/08/15 10:52:30.208, 8, 2, 12361, 22.38, 29
2026/08/15 10:52:31.209, 9, 3, 12305, 24.27, 29
2026/08/15 10:52:32.209, 17, 12, 10785, 22.82, 29
2026/08/15 10:52:33.210, 41, 9, 10757, 23.50, 29
2026/08/15 10:52:34.210, 5, 1, 10785, 23.07, 29
2026/08/15 10:52:35.211, 28, 5, 10773, 23.05, 29
2026/08/15 10:52:36.211, 25, 5, 10765, 22.41, 29
2026/08/15 10:52:37.212, 11, 1, 10785, 22.56, 29
2026/08/15 10:52:38.212, 10, 2, 10745, 23.06, 29
2026/08/15 10:52:39.212, 6, 1, 10793, 22.14, 29
2026/08/15 10:52:40.212, 30, 5, 10809, 22.95, 29
2026/08/15 10:52:41.213, 10, 3, 10761, 22.78, 29
2026/08/15 10:52:42.213, 16, 3, 10785, 22.28, 29
2026/08/15 10:52:43.214, 37, 7, 10777, 23.08, 29
2026/08/15 10:52:44.214, 25, 3, 10805, 23.13, 29
2026/08/15 10:52:45.214, 6, 1, 10805, 22.88, 29
2026/08/15 10:52:46.215, 8, 1, 10785, 22.78, 29
2026/08/15 10:52:47.215, 7, 0, 10793, 22.60, 29
2026/08/15 10:52:48.215, 32, 5, 10801, 22.99, 29
2026/08/15 10:52:49.216, 12, 2, 10757, 23.46, 29
2026/08/15 10:52:50.216, 21, 4, 10817, 22.42, 29
2026/08/15 10:52:51.216, 0, 0, 10757, 23.17, 29
2026/08/15 10:52:52.217, 2, 1, 10793, 22.17, 29
2026/08/15 10:52:53.218, 18, 4, 10797, 22.50, 29
2026/08/15 10:52:54.218, 38, 5, 10785, 23.65, 29
2026/08/15 10:52:55.219, 12, 1, 10785, 22.83, 29
2026/08/15 10:52:56.219, 4, 1, 10817, 22.54, 29
2026/08/15 10:52:57.220, 0, 0, 10753, 23.01, 29
2026/08/15 10:52:58.220, 15, 2, 10797, 23.12, 29
2026/08/15 10:52:59.221, 10, 2, 10785, 22.80, 29
2026/08/15 10:53:00.221, 8, 1, 10809, 22.44, 29
2026/08/15 10:53:01.224, 29, 4, 10773, 23.03, 29
2026/08/15 10:53:02.224, 12, 0, 10769, 23.22, 29
2026/08/15 10:53:03.225, 39, 7, 10765, 22.62, 29
2026/08/15 10:53:04.226, 23, 2, 10777, 23.50, 29
2026/08/15 10:53:05.226, 17, 2, 10773, 23.19, 29
2026/08/15 10:53:06.226, 44, 8, 10777, 22.66, 29
2026/08/15 10:53:07.227, 13, 3, 10797, 23.27, 29
2026/08/15 10:53:08.227, 0, 0, 9261, 23.55, 29
2026/08/15 10:53:09.227, 8, 1, 9221, 23.37, 29
2026/08/15 10:53:10.228, 11, 2, 9233, 22.78, 29
2026/08/15 10:53:11.228, 3, 1, 9261, 22.84, 29
2026/08/15 10:53:12.228, 0, 0, 9261, 22.81, 29
2026/08/15 10:53:13.229, 37, 8, 9213, 24.15, 29
2026/08/15 10:53:14.231, 28, 6, 9273, 23.52, 29
2026/08/15 10:53:15.232, 15, 2, 9261, 24.07, 29
2026/08/15 10:53:16.232, 18, 1, 9217, 23.14, 29
2026/08/15 10:53:17.232, 12, 1, 9265, 22.42, 29
2026/08/15 10:53:18.233, 32, 3, 9273, 23.43, 29
2026/08/15 10:53:19.233, 15, 4, 9261, 24.43, 29
2026/08/15 10:53:20.233, 4, 1, 9233, 22.60, 29
2026/08/15 10:53:21.234, 2, 0, 9241, 22.38, 29
2026/08/15 10:53:22.234, 36, 6, 9261, 22.55, 29
2026/08/15 10:53:23.235, 9, 2, 9221, 22.49, 29
2026/08/15 10:53:24.235, 12, 2, 9233, 22.47, 29
2026/08/15 10:53:25.235, 15, 2, 9241, 22.90, 29
2026/08/15 10:53:26.235, 9, 2, 9221, 23.02, 29
2026/08/15 10:53:27.236, 10, 1, 9265, 22.86, 29
2026/08/15 10:53:28.236, 19, 4, 9213, 22.95, 29
2026/08/15 10:53:29.236, 14, 2, 9253, 22.58, 29
2026/08/15 10:53:30.237, 24, 6, 9213, 22.40, 29
2026/08/15 10:53:31.237, 11, 2, 9261, 22.78, 29
2026/08/15 10:53:32.238, 8, 1, 9229, 22.24, 29
2026/08/15 10:53:33.239, 3, 1, 9253, 22.47, 29
2026/08/15 10:53:34.239, 21, 3, 9253, 22.99, 29
2026/08/15 10:53:35.239, 21, 3, 9245, 22.91, 29
2026/08/15 10:53:36.239, 2, 1, 9241, 23.20, 29
2026/08/15 10:53:37.240, 24, 3, 9253, 22.39, 29
2026/08/15 10:53:38.240, 29, 4, 9273, 23.50, 29
2026/08/15 10:53:39.241, 12, 2, 9221, 23.54, 29
2026/08/15 10:53:40.241, 6, 1, 9241, 22.92, 29
2026/08/15 10:53:41.241, 27, 4, 9273, 22.64, 29
2026/08/15 10:53:42.241, 21, 5, 9285, 23.85, 29
2026/08/15 10:53:43.242, 22, 2, 9205, 23.20, 29
2026/08/15 10:53:44.242, 15, 2, 9273, 22.55, 29
2026/08/15 10:53:45.243, 4, 1, 9285, 23.60, 29
2026/08/15 10:53:46.243, 7, 2, 9201, 23.46, 29
2026/08/15 10:53:47.243, 39, 10, 9273, 22.91, 29
2026/08/15 10:53:48.244, 0, 0, 9261, 23.06, 29
2026/08/15 10:53:49.244, 12, 3, 9213, 22.88, 29
2026/08/15 10:53:50.245, 14, 1, 9249, 23.24, 29
2026/08/15 10:53:51.245, 33, 5, 9245, 22.88, 29
2026/08/15 10:53:52.245, 22, 2, 9221, 23.24, 29
2026/08/15 10:53:53.246, 15, 1, 9253, 21.98, 29
2026/08/15 10:53:54.246, 15, 1, 9253, 23.32, 29
2026/08/15 10:53:55.247, 22, 2, 9229, 22.62, 29
2026/08/15 10:53:56.247, 0, 0, 9241, 22.20, 29
2026/08/15 10:53:57.247, 4, 1, 9245, 23.14, 29
2026/08/15 10:53:58.248, 22, 2, 9261, 22.64, 29
2026/08/15 10:53:59.249, 15, 1, 9261, 22.28, 29
2026/08/15 10:54:00.249, 16, 3, 9253, 22.66, 29
2026/08/15 10:54:01.249, 5, 1, 9237, 22.65, 29
2026/08/15 10:54:02.250, 17, 2, 9273, 22.78, 29
2026/08/15 10:54:03.250, 28, 3, 9241, 23.69, 29
2026/08/15 10:54:04.250, 18, 2, 9205, 22.95, 29
2026/08/15 10:54:05.251, 36, 4, 9273, 23.02, 29
2026/08/15 10:54:06.251, 13, 2, 9213, 24.45, 29
2026/08/15 10:54:07.252, 0, 0, 9241, 22.35, 29
2026/08/15 10:54:08.252, 7, 1, 9253, 23.38, 29
2026/08/15 10:54:09.252, 39, 4, 9249, 23.36, 29
2026/08/15 10:54:10.253, 13, 2, 9265, 23.06, 29
2026/08/15 10:54:11.253, 4, 0, 9241, 23.15, 29
2026/08/15 10:54:12.254, 23, 4, 9213, 23.17, 29
2026/08/15 10:54:13.254, 17, 1, 9253, 22.71, 29
2026/08/15 10:54:14.254, 9, 2, 9225, 23.37, 29
2026/08/15 10:54:15.255, 13, 1, 9241, 22.58, 29
2026/08/15 10:54:16.255, 36, 4, 9265, 22.77, 29
2026/08/15 10:54:17.255, 21, 2, 9265, 23.10, 29
2026/08/15 10:54:18.256, 20, 2, 9221, 23.33, 29
2026/08/15 10:54:19.256, 6, 1, 9273, 22.90, 29
2026/08/15 10:54:20.256, 26, 3, 9257, 23.53, 29
2026/08/15 10:54:21.257, 19, 2, 9245, 23.91, 29
2026/08/15 10:54:22.257, 16, 2, 9213, 23.45, 29
2026/08/15 10:54:23.257, 5, 1, 9241, 22.75, 29
2026/08/15 10:54:24.258, 4, 1, 9285, 23.37, 29
2026/08/15 10:54:25.258, 7, 2, 9225, 23.18, 29
2026/08/15 10:54:26.258, 50, 11, 9265, 23.42, 29
2026/08/15 10:54:27.261, 14, 1, 9209, 23.17, 29
2026/08/15 10:54:28.262, 43, 13, 9245, 24.47, 29
2026/08/15 10:54:29.262, 17, 2, 9261, 24.50, 29
2026/08/15 10:54:30.262, 3, 2, 9229, 24.05, 29
2026/08/15 10:54:31.262, 22, 4, 9241, 24.12, 29
2026/08/15 10:54:32.266, 0, 0, 9217, 22.69, 29
2026/08/15 10:54:33.267, 13, 2, 9285, 22.01, 29
2026/08/15 10:54:34.267, 5, 2, 9205, 24.07, 29
2026/08/15 10:54:35.267, 36, 9, 9221, 23.47, 29
2026/08/15 10:54:36.268, 14, 1, 9261, 23.33, 29
2026/08/15 10:54:37.268, 4, 1, 9265, 22.75, 29
2026/08/15 10:54:38.268, 29, 2, 9249, 23.17, 29
2026/08/15 10:54:39.269, 10, 2, 9233, 23.61, 29
2026/08/15 10:54:40.269, 15, 1, 9273, 23.22, 29
2026/08/15 10:54:41.269, 8, 1, 9233, 22.61, 29
2026/08/15 10:54:42.270, 16, 1, 9273, 22.43, 29
2026/08/15 10:54:43.270, 34, 6, 9261, 23.50, 29
2026/08/15 10:54:44.270, 0, 0, 9273, 23.64, 29
2026/08/15 10:54:45.271, 50, 6, 9249, 22.72, 29
2026/08/15 10:54:46.271, 10, 2, 9225, 22.78, 29
2026/08/15 10:54:47.272, 10, 2, 9285, 22.95, 29
2026/08/15 10:54:48.272, 11, 1, 9229, 23.14, 29
2026/08/15 10:54:49.272, 8, 1, 9253, 23.00, 29
2026/08/15 10:54:50.273, 14, 2, 9253, 23.41, 29
2026/08/15 10:54:51.273, 19, 4, 9225, 23.57, 29
2026/08/15 10:54:52.274, 10, 1, 9229, 23.35, 29
2026/08/15 10:54:53.274, 29, 2, 9225, 22.89, 29
2026/08/15 10:54:54.276, 19, 1, 9245, 23.59, 29
2026/08/15 10:54:55.279, 24, 3, 9261, 23.75, 29
2026/08/15 10:54:56.279, 12, 2, 9221, 23.75, 29
2026/08/15 10:54:57.280, 11, 2, 9273, 23.65, 29
2026/08/15 10:54:58.280, 13, 0, 9201, 23.48, 29
2026/08/15 10:54:59.280, 18, 2, 9261, 23.95, 29
2026/08/15 10:55:00.281, 31, 4, 9241, 22.84, 29
2026/08/15 10:55:01.281, 36, 5, 9273, 23.27, 29
2026/08/15 10:55:02.282, 8, 1, 9237, 22.75, 29
2026/08/15 10:55:03.282, 13, 2, 9253, 22.58, 29
2026/08/15 10:55:04.282, 4, 1, 9229, 22.67, 29
2026/08/15 10:55:05.283, 26, 4, 9261, 22.11, 29
2026/08/15 10:55:06.283, 15, 1, 9241, 22.77, 29
2026/08/15 10:55:07.284, 31, 6, 9261, 22.52, 29
2026/08/15 10:55:08.285, 31, 3, 9241, 24.05, 29
2026/08/15 10:55:09.285, 17, 3, 9273, 23.19, 29
2026/08/15 10:55:10.285, 0, 0, 9241, 22.87, 29
2026/08/15 10:55:11.286, 16, 3, 9249, 22.73, 29
2026/08/15 10:55:12.286, 18, 3, 9285, 23.53, 29
2026/08/15 10:55:13.286, 9, 1, 9213, 22.08, 29
2026/08/15 10:55:14.290, 13, 3, 9249, 22.81, 29
2026/08/15 10:55:15.290, 28, 2, 9249, 23.49, 29
2026/08/15 10:55:16.291, 8, 1, 9241, 23.41, 29
2026/08/15 10:55:17.301, 47, 51, 7694, 23.16, 29
2026/08/15 10:55:18.758, 40, 7, 7742, 23.32, 29
2026/08/15 10:55:19.758, 5, 1, 7690, 23.19, 29
2026/08/15 10:55:20.759, 15, 1, 7694, 22.18, 29
2026/08/15 10:55:21.760, 27, 5, 7742, 21.86, 29
2026/08/15 10:55:22.761, 10, 2, 7686, 23.02, 29
2026/08/15 10:55:23.761, 28, 4, 7698, 22.56, 29
2026/08/15 10:55:24.762, 45, 7, 7690, 22.32, 29
2026/08/15 10:55:25.762, 10, 1, 7690, 22.27, 29
2026/08/15 10:55:26.763, 3, 0, 7730, 22.14, 29
2026/08/15 10:55:27.766, 10, 1, 7718, 22.35, 29
2026/08/15 10:55:28.766, 6, 1, 7718, 21.70, 29
2026/08/15 10:55:29.766, 18, 1, 7718, 21.50, 29
2026/08/15 10:55:30.767, 15, 2, 7718, 21.80, 29
2026/08/15 10:55:31.767, 19, 3, 7702, 22.07, 29
2026/08/15 10:55:32.768, 15, 1, 7706, 22.19, 29
2026/08/15 10:55:33.768, 20, 2, 7690, 22.43, 29
2026/08/15 10:55:34.769, 0, 0, 7698, 22.09, 29
2026/08/15 10:55:35.769, 6, 1, 7730, 22.13, 29
2026/08/15 10:55:36.769, 16, 2, 7710, 22.92, 29
2026/08/15 10:55:37.770, 13, 1, 7730, 21.82, 29
2026/08/15 10:55:38.771, 35, 4, 7722, 22.48, 29
2026/08/15 10:55:39.771, 31, 5, 7710, 23.05, 29
2026/08/15 10:55:40.775, 10, 2, 7706, 23.35, 29
2026/08/15 10:55:41.775, 31, 6, 7746, 21.97, 29
2026/08/15 10:55:42.776, 21, 3, 7702, 22.67, 29
2026/08/15 10:55:43.776, 0, 0, 7742, 21.69, 29
2026/08/15 10:55:44.776, 2, 1, 7734, 22.57, 29
2026/08/15 10:55:45.777, 24, 2, 7730, 22.48, 29
2026/08/15 10:55:46.777, 5, 1, 7718, 22.30, 29
2026/08/15 10:55:47.778, 6, 1, 7718, 22.60, 29
2026/08/15 10:55:48.778, 20, 3, 7722, 22.34, 29
2026/08/15 10:55:49.778, 16, 2, 7694, 22.16, 29
2026/08/15 10:55:50.778, 16, 4, 7730, 22.18, 29
2026/08/15 10:55:51.779, 37, 7, 7690, 22.91, 29
2026/08/15 10:55:52.779, 13, 1, 7730, 22.18, 29
2026/08/15 10:55:53.780, 5, 0, 7710, 21.83, 29
2026/08/15 10:55:54.780, 9, 1, 7718, 21.84, 29
2026/08/15 10:55:55.780, 23, 4, 7658, 22.28, 29
2026/08/15 10:55:56.780, 0, 0, 7742, 21.57, 29
2026/08/15 10:55:57.781, 13, 2, 7730, 23.12, 29
2026/08/15 10:55:58.781, 0, 1, 7686, 21.92, 29
2026/08/15 10:55:59.781, 27, 4, 7702, 22.47, 29
2026/08/15 10:56:00.782, 21, 3, 7722, 22.38, 29
2026/08/15 10:56:01.782, 11, 1, 7674, 23.02, 29
2026/08/15 10:56:02.784, 43, 6, 7742, 21.95, 29
2026/08/15 10:56:03.784, 0, 0, 7698, 24.12, 29
2026/08/15 10:56:04.784, 25, 3, 7718, 22.40, 29
2026/08/15 10:56:05.785, 6, 1, 7698, 22.70, 29
2026/08/15 10:56:06.785, 3, 0, 7710, 21.56, 29
2026/08/15 10:56:07.786, 24, 3, 7718, 22.47, 29
2026/08/15 10:56:08.786, 0, 0, 6174, 21.95, 29
2026/08/15 10:56:09.786, 21, 3, 6198, 22.92, 29
2026/08/15 10:56:10.787, 7, 1, 6174, 21.70, 29
2026/08/15 10:56:11.788, 3, 1, 6158, 22.42, 29
2026/08/15 10:56:12.788, 8, 1, 6166, 21.85, 29
2026/08/15 10:56:13.789, 1, 1, 6146, 22.27, 29
2026/08/15 10:56:14.790, 23, 3, 6178, 22.74, 29
2026/08/15 10:56:15.790, 10, 2, 6178, 22.87, 29
2026/08/15 10:56:16.790, 16, 1, 6174, 22.23, 29
2026/08/15 10:56:17.791, 14, 1, 6166, 22.75, 29
2026/08/15 10:56:18.791, 7, 0, 4631, 22.24, 29
2026/08/15 10:56:19.791, 31, 3, 4643, 22.25, 29
2026/08/15 10:56:20.792, 25, 3, 4643, 22.69, 29
2026/08/15 10:56:21.792, 0, 0, 4623, 22.26, 29
2026/08/15 10:56:22.793, 23, 4, 4655, 22.27, 29
2026/08/15 10:56:23.793, 14, 1, 4635, 22.59, 29
2026/08/15 10:56:24.793, 51, 7, 4643, 21.80, 29
2026/08/15 10:56:25.794, 14, 1, 4603, 23.48, 29
2026/08/15 10:56:26.794, 16, 1, 4655, 22.45, 29
2026/08/15 10:56:27.795, 20, 1, 4635, 23.42, 29
2026/08/15 10:56:28.795, 29, 5, 4643, 23.24, 29
2026/08/15 10:56:29.795, 20, 2, 4631, 22.75, 29
2026/08/15 10:56:30.796, 18, 2, 4635, 23.07, 29
2026/08/15 10:56:31.796, 5, 1, 4631, 21.33, 29
2026/08/15 10:56:32.796, 14, 0, 4615, 22.97, 29
2026/08/15 10:56:33.797, 18, 1, 4635, 22.72, 29
2026/08/15 10:56:34.797, 6, 0, 4631, 21.91, 29
2026/08/15 10:56:35.797, 5, 0, 3109, 22.45, 29
2026/08/15 10:56:36.798, 17, 1, 3097, 21.75, 29
2026/08/15 10:56:37.798, 12, 0, 1564, 22.68, 29
2026/08/15 10:56:38.799, 0, 0, 1552, 21.45, 29
2026/08/15 10:56:39.799, 0, 0, 1564, 21.09, 29
2026/08/15 10:56:40.799, 14, 0, 1564, 21.71, 29
2026/08/15 10:56:41.800, 0, 0, 1552, 21.32, 29
2026/08/15 10:56:42.800, 5, 0, 1564, 21.40, 29
2026/08/15 10:56:43.801, 14, 0, 1564, 22.73, 29
2026/08/15 10:56:44.801, 17, 0, 1552, 21.84, 29
2026/08/15 10:56:45.801, 1, 0, 1544, 22.02, 29
2026/08/15 10:56:46.802, 13, 0, 1564, 21.44, 29
2026/08/15 10:56:47.802, 14, 0, 1552, 21.09, 29
2026/08/15 10:56:48.802, 0, 0, 1564, 21.26, 29
2026/08/15 10:56:49.803, 0, 0, 1564, 21.16, 29
2026/08/15 10:56:50.803, 0, 0, 1544, 20.75, 29
2026/08/15 10:56:51.803, 0, 0, 1564, 20.73, 29
2026/08/15 10:56:52.804, 16, 0, 1552, 20.93, 29
2026/08/15 10:56:53.804, 3, 0, 1564, 20.54, 29
2026/08/15 10:56:54.805, 6, 0, 1564, 20.23, 29
2026/08/15 10:56:55.805, 0, 0, 1544, 20.87, 29
2026/08/15 10:56:56.805, 18, 0, 1564, 20.71, 29
2026/08/15 10:56:57.806, 17, 0, 1564, 20.77, 29
2026/08/15 10:56:58.806, 0, 0, 1552, 20.51, 29
2026/08/15 10:56:59.806, 6, 0, 1564, 19.95, 29
2026/08/15 10:57:00.807, 17, 0, 1564, 21.41, 29
2026/08/15 10:57:01.807, 0, 0, 1552, 20.55, 29
2026/08/15 10:57:02.807, 5, 0, 1564, 20.86, 29
2026/08/15 10:57:03.808, 15, 0, 1564, 21.86, 29
2026/08/15 10:57:04.808, 4, 0, 1552, 21.15, 29
2026/08/15 10:57:05.809, 16, 0, 1564, 21.25, 29
2026/08/15 10:57:06.809, 1, 0, 1544, 21.61, 29
2026/08/15 10:57:07.809, 16, 0, 1564, 21.33, 29
2026/08/15 10:57:08.810, 0, 0, 1552, 20.88, 29
2026/08/15 10:57:09.810, 12, 0, 1564, 20.99, 29
2026/08/15 10:57:10.810, 1, 0, 1544, 21.31, 29
2026/08/15 10:57:11.811, 3, 0, 1564, 21.02, 29
2026/08/15 10:57:12.811, 0, 0, 1564, 21.16, 29
2026/08/15 10:57:13.811, 0, 0, 1552, 21.26, 29
2026/08/15 10:57:14.812, 4, 0, 1564, 20.93, 29
2026/08/15 10:57:15.812, 0, 0, 1552, 20.77, 29
2026/08/15 10:57:16.813, 4, 0, 1564, 21.01, 29
2026/08/15 10:57:17.813, 3, 0, 1552, 20.62, 29
2026/08/15 10:57:18.813, 4, 0, 1564, 21.18, 29
2026/08/15 10:57:19.814, 0, 0, 1552, 21.10, 29
2026/08/15 10:57:20.814, 18, 0, 1564, 21.64, 29
2026/08/15 10:57:21.814, 0, 0, 1564, 22.07, 29
2026/08/15 10:57:22.815, 3, 0, 1564, 21.03, 29
2026/08/15 10:57:23.815, 0, 0, 1544, 21.64, 29
2026/08/15 10:57:24.815, 9, 0, 1564, 20.80, 29
2026/08/15 10:57:25.816, 17, 0, 1552, 20.81, 29
2026/08/15 10:57:26.816, 3, 0, 1564, 21.38, 29
2026/08/15 10:57:27.817, 16, 0, 1552, 20.85, 29
2026/08/15 10:57:28.817, 2, 0, 1564, 20.84, 29
2026/08/15 10:57:29.817, 0, 0, 1552, 20.84, 29
2026/08/15 10:57:30.818, 16, 0, 1552, 21.02, 29
2026/08/15 10:57:31.818, 15, 0, 1564, 21.38, 29
2026/08/15 10:57:32.818, 0, 0, 1544, 21.60, 29
2026/08/15 10:57:33.819, 5, 0, 1564, 20.76, 29
2026/08/15 10:57:34.819, 2, 1, 1, 21.06, 29
2026/08/15 10:57:35.899, 0, 0, 1, 20.37, 29
